year,PracticeID,lhb,lhbcode,GPCluster,pop,CHD,COPD,DEM,DIAB,EPI,HF,HYP,OBI,STR,AF
2017,W00141,Abertawe Bro Morgannwg,,Afan,"4,356",162,119,13,291,37,23,548,320,61,48
2017,W98017,Abertawe Bro Morgannwg,,Afan,"2,774",137,137,37,226,27,47,679,598,88,77
2017,W98019,Abertawe Bro Morgannwg,,Afan,"3,319",156,72,24,293,28,43,709,561,87,78
2017,W98031,Abertawe Bro Morgannwg,,Afan,"10,782",461,203,133,760,91,131,"1,659","1,470",241,255
2017,W98032,Abertawe Bro Morgannwg,,Afan,"8,927",354,222,30,602,88,58,"1,640",982,164,155
2017,W98035,Abertawe Bro Morgannwg,,Afan,"9,233",342,218,99,741,86,54,"1,547","1,344",205,231
2017,W98041,Abertawe Bro Morgannwg,,Afan,"6,770",259,193,52,508,61,49,"1,057","1,029",143,121
2017,W98051,Abertawe Bro Morgannwg,,Afan,"2,504",112,139,25,210,36,28,497,479,55,52
2017,W98627,Abertawe Bro Morgannwg,,Afan,"2,261",95,60,15,177,34,20,386,382,59,48
2017,W98016,Abertawe Bro Morgannwg,,Bay Health,"8,907",365,173,78,527,73,92,"1,341",716,192,273
2017,W98021,Abertawe Bro Morgannwg,,Bay Health,"21,566",720,305,169,"1,002",134,210,"2,736","1,182",437,533
2017,W98023,Abertawe Bro Morgannwg,,Bay Health,"7,433",233,153,32,334,39,43,965,698,128,133
2017,W98033,Abertawe Bro Morgannwg,,Bay Health,"7,704",351,107,66,434,38,85,"1,320",485,244,236
2017,W98045,Abertawe Bro Morgannwg,,Bay Health,"6,401",261,108,101,311,26,83,"1,001",470,163,194
2017,W98049,Abertawe Bro Morgannwg,,Bay Health,"9,271",285,102,75,376,40,106,"1,152",472,201,227
2017,W98053,Abertawe Bro Morgannwg,,Bay Health,"10,131",4,1,1,60,18,4,38,420,2,2
2017,W98055,Abertawe Bro Morgannwg,,Bay Health,"3,716",140,45,46,180,20,53,617,136,88,108
2017,W95010,Abertawe Bro Morgannwg,,Bridgend East Network,"18,007",684,275,146,"1,131",132,130,"2,317","1,281",426,412
2017,W95017,Abertawe Bro Morgannwg,,Bridgend East Network,"7,492",300,165,42,508,37,53,"1,255",673,177,163
2017,W95018,Abertawe Bro Morgannwg,,Bridgend East Network,"11,970",443,224,67,685,80,155,"1,700","1,477",263,228
2017,W95035,Abertawe Bro Morgannwg,,Bridgend East Network,"19,084",689,412,127,"1,096",135,191,"3,137","1,991",452,409
2017,W95069,Abertawe Bro Morgannwg,,Bridgend East Network,"5,441",221,150,31,354,53,96,735,505,174,124
2017,W95070,Abertawe Bro Morgannwg,,Bridgend East Network,"9,073",296,152,69,508,53,78,"1,564",651,217,190
2017,W95009,Abertawe Bro Morgannwg,,Bridgend North Network,"9,375",537,312,41,673,105,152,"1,922","1,353",232,264
2017,W95012,Abertawe Bro Morgannwg,,Bridgend North Network,"6,528",310,322,31,490,58,106,"1,256",479,168,176
2017,W95031,Abertawe Bro Morgannwg,,Bridgend North Network,"7,589",372,306,28,575,74,94,"1,508",905,180,151
2017,W95037,Abertawe Bro Morgannwg,,Bridgend North Network,"10,222",400,241,104,710,88,138,"1,511",539,259,236
2017,W95064,Abertawe Bro Morgannwg,,Bridgend North Network,"5,985",253,148,32,426,56,87,"1,241",598,142,138
2017,W95067,Abertawe Bro Morgannwg,,Bridgend North Network,"4,328",146,121,35,270,34,24,773,501,88,70
2017,W95079,Abertawe Bro Morgannwg,,Bridgend North Network,"4,402",143,73,18,260,33,30,608,518,79,64
2017,W95645,Abertawe Bro Morgannwg,,Bridgend North Network,"3,086",146,89,37,226,25,31,640,271,87,60
2017,W95034,Abertawe Bro Morgannwg,,Bridgend West Network,"10,297",423,221,68,647,81,98,"1,556",843,279,221
2017,W95041,Abertawe Bro Morgannwg,,Bridgend West Network,"13,926",807,392,191,968,106,308,"2,796","1,269",523,527
2017,W95063,Abertawe Bro Morgannwg,,Bridgend West Network,"8,331",370,181,41,438,59,102,"1,171",533,203,165
2017,W95643,Abertawe Bro Morgannwg,,Bridgend West Network,"1,965",104,49,22,131,17,20,446,102,74,72
2017,W98015,Abertawe Bro Morgannwg,,City Health,"4,923",147,213,12,230,41,39,484,461,68,47
2017,W98018,Abertawe Bro Morgannwg,,City Health,"4,569",124,105,25,299,27,30,580,311,70,73
2017,W98020,Abertawe Bro Morgannwg,,City Health,"4,548",195,127,25,347,27,93,593,373,119,89
2017,W98024,Abertawe Bro Morgannwg,,City Health,"6,293",289,148,85,425,48,50,"1,087",549,174,166
2017,W98027,Abertawe Bro Morgannwg,,City Health,"10,396",313,188,31,543,91,96,"1,053",532,256,151
2017,W98039,Abertawe Bro Morgannwg,,City Health,"4,239",158,106,15,256,36,39,505,423,75,54
2017,W98056,Abertawe Bro Morgannwg,,City Health,"5,157",183,100,58,325,41,42,889,565,93,95
2017,W98057,Abertawe Bro Morgannwg,,City Health,"7,601",245,208,73,433,50,61,867,416,138,100
2017,W98608,Abertawe Bro Morgannwg,,City Health,"2,781",101,82,12,198,26,15,383,249,40,18
2017,W98610,Abertawe Bro Morgannwg,,City Health,"1,668",53,33,5,84,13,12,245,113,28,35
2017,W98005,Abertawe Bro Morgannwg,,Cwmtawe,"10,765",369,197,51,618,97,150,"1,480","1,194",194,180
2017,W98022,Abertawe Bro Morgannwg,,Cwmtawe,"10,825",422,216,81,694,86,113,"1,461","1,034",241,251
2017,W98026,Abertawe Bro Morgannwg,,Cwmtawe,"6,791",250,136,39,511,73,74,"1,117",968,162,143
2017,W98029,Abertawe Bro Morgannwg,,Cwmtawe,"7,803",323,146,62,505,66,101,"1,239",958,206,171
2017,W98044,Abertawe Bro Morgannwg,,Cwmtawe,"6,765",222,122,38,370,60,65,954,709,128,113
2017,W98008,Abertawe Bro Morgannwg,,Llwchwr,"8,460",330,187,39,463,69,96,"1,488",884,140,187
2017,W98012,Abertawe Bro Morgannwg,,Llwchwr,"13,996",581,247,153,925,99,175,"2,372","1,311",370,369
2017,W98013,Abertawe Bro Morgannwg,,Llwchwr,"8,955",295,132,66,484,59,81,"1,119",703,170,191
2017,W98034,Abertawe Bro Morgannwg,,Llwchwr,"11,032",385,209,80,618,106,136,"1,603",897,243,247
2017,W98787,Abertawe Bro Morgannwg,,Llwchwr,"4,812",146,69,14,256,39,37,640,589,96,88
2017,W00144,Abertawe Bro Morgannwg,,Neath,"5,639",206,140,32,358,37,35,818,725,115,110
2017,W98002,Abertawe Bro Morgannwg,,Neath,"9,744",433,218,63,670,97,102,"1,633","1,423",254,211
2017,W98006,Abertawe Bro Morgannwg,,Neath,"11,168",441,291,77,722,100,151,"1,781","1,789",316,295
2017,W98010,Abertawe Bro Morgannwg,,Neath,"8,444",323,185,56,510,86,63,"1,336","1,239",171,191
2017,W98036,Abertawe Bro Morgannwg,,Neath,"8,259",317,145,48,514,79,50,"1,377","1,028",188,185
2017,W98040,Abertawe Bro Morgannwg,,Neath,"5,958",266,157,63,459,58,91,"1,096",739,141,168
2017,W98048,Abertawe Bro Morgannwg,,Neath,"5,007",127,83,13,273,26,20,607,572,68,71
2017,W98785,Abertawe Bro Morgannwg,,Neath,"2,441",67,55,5,150,22,13,347,139,40,39
2017,W98003,Abertawe Bro Morgannwg,,Penderi,"8,297",298,198,30,522,94,62,"1,213",632,181,160
2017,W98004,Abertawe Bro Morgannwg,,Penderi,"7,748",235,161,73,453,78,92,974,720,158,115
2017,W98007,Abertawe Bro Morgannwg,,Penderi,"6,633",281,137,33,451,59,73,912,791,146,131
2017,W98028,Abertawe Bro Morgannwg,,Penderi,"7,752",275,160,37,488,56,83,967,871,140,125
2017,W98043,Abertawe Bro Morgannwg,,Penderi,"5,493",213,160,26,330,37,57,907,506,145,108
2017,W98612,Abertawe Bro Morgannwg,,Penderi,"2,148",47,105,3,129,14,11,291,270,29,22
2017,W00143,Abertawe Bro Morgannwg,,Upper Valleys,"3,407",128,94,18,198,27,36,636,359,82,61
2017,W98001,Abertawe Bro Morgannwg,,Upper Valleys,"12,280",496,310,125,718,91,116,"2,005",938,246,244
2017,W98030,Abertawe Bro Morgannwg,,Upper Valleys,"6,026",283,146,51,480,64,99,"1,042",877,148,165
2017,W98046,Abertawe Bro Morgannwg,,Upper Valleys,"9,554",433,306,82,714,74,131,"1,881","1,194",245,230
2017,W93007,Aneurin Bevan,,Blaenau Gwent East,"4,687",178,138,31,306,33,59,726,500,95,97
2017,W93009,Aneurin Bevan,,Blaenau Gwent East,"5,213",230,196,4,393,43,52,"1,000",748,91,88
2017,W93068,Aneurin Bevan,,Blaenau Gwent East,"10,365",467,341,101,847,102,103,"2,107","1,483",248,204
2017,W93075,Aneurin Bevan,,Blaenau Gwent East,"7,905",347,276,36,579,76,90,"1,570","1,056",152,150
2017,W93115,Aneurin Bevan,,Blaenau Gwent East,"6,297",317,241,42,527,61,178,"1,304","1,059",161,104
2017,W93032,Aneurin Bevan,,Blaenau Gwent West,"8,581",329,204,57,546,79,81,"1,533",967,182,153
2017,W93035,Aneurin Bevan,,Blaenau Gwent West,"6,992",269,254,46,471,59,56,"1,116",844,113,117
2017,W93063,Aneurin Bevan,,Blaenau Gwent West,"5,547",291,170,35,423,56,129,"1,045",890,153,152
2017,W93065,Aneurin Bevan,,Blaenau Gwent West,"6,713",287,163,37,522,76,85,"1,125",249,149,134
2017,W93619,Aneurin Bevan,,Blaenau Gwent West,"3,451",126,100,22,240,26,53,647,538,88,72
2017,W93623,Aneurin Bevan,,Blaenau Gwent West,"6,882",210,155,57,473,37,73,973,948,113,130
2017,W93001,Aneurin Bevan,,Caerphilly East,"7,090",286,168,36,407,53,68,"1,031",905,137,105
2017,W93011,Aneurin Bevan,,Caerphilly East,"11,600",408,234,56,731,80,69,"2,057","1,303",176,200
2017,W93012,Aneurin Bevan,,Caerphilly East,"5,775",193,109,29,335,47,48,933,735,102,107
2017,W93014,Aneurin Bevan,,Caerphilly East,"4,965",181,106,14,363,50,44,883,797,100,94
2017,W93059,Aneurin Bevan,,Caerphilly East,"8,328",226,120,29,396,52,46,"1,230",736,138,128
2017,W93064,Aneurin Bevan,,Caerphilly East,"14,255",580,300,58,"1,006",103,82,"2,285","1,718",261,254
2017,W93067,Aneurin Bevan,,Caerphilly East,"9,309",323,231,44,560,66,85,"1,545",860,163,168
2017,W93010,Aneurin Bevan,,Caerphilly North,"2,578",89,63,17,135,29,39,426,398,56,40
2017,W93614,Aneurin Bevan,,Caerphilly North,"2,446",89,58,12,190,27,18,392,384,57,45
2017,W93642,Aneurin Bevan,,Caerphilly North,"2,039",109,47,14,162,5,17,392,292,34,43
2017,W95013,Aneurin Bevan,,Caerphilly North,"5,923",279,188,21,492,71,49,"1,118",824,128,128
2017,W95033,Aneurin Bevan,,Caerphilly North,"4,300",225,150,68,348,47,50,908,533,103,114
2017,W95043,Aneurin Bevan,,Caerphilly North,"5,660",267,147,48,423,40,75,941,413,160,138
2017,W95050,Aneurin Bevan,,Caerphilly North,"7,492",270,161,34,523,80,61,"1,161",889,125,112
2017,W95065,Aneurin Bevan,,Caerphilly North,"13,130",488,309,94,835,102,90,"2,085","1,351",257,272
2017,W95068,Aneurin Bevan,,Caerphilly North,"10,291",419,250,40,722,75,111,"1,792","1,188",191,196
2017,W95078,Aneurin Bevan,,Caerphilly North,"2,579",101,61,11,208,18,18,470,342,41,35
2017,W95081,Aneurin Bevan,,Caerphilly North,"12,519",562,365,107,910,110,177,"2,469","2,586",278,280
2017,W00005,Aneurin Bevan,,Caerphilly South,"7,953",306,199,30,518,73,43,"1,252",611,139,131
2017,W95008,Aneurin Bevan,,Caerphilly South,"10,415",380,207,65,580,73,70,"1,615",964,245,236
2017,W95046,Aneurin Bevan,,Caerphilly South,"12,675",521,206,77,764,87,143,"2,069","1,405",290,305
2017,W95049,Aneurin Bevan,,Caerphilly South,"8,588",295,202,58,478,57,46,"1,264",936,141,120
2017,W95059,Aneurin Bevan,,Caerphilly South,"9,875",305,150,71,593,76,62,"1,425","1,075",180,175
2017,W95073,Aneurin Bevan,,Caerphilly South,"2,943",105,85,6,163,22,17,488,368,53,44
2017,W95636,Aneurin Bevan,,Caerphilly South,"4,106",192,111,31,307,35,50,660,482,74,68
2017,W93004,Aneurin Bevan,,Monmouthshire North,"8,686",338,233,96,612,68,136,"1,602","1,219",218,248
2017,W93019,Aneurin Bevan,,Monmouthshire North,"4,491",139,65,31,259,25,44,818,620,96,130
2017,W93033,Aneurin Bevan,,Monmouthshire North,"10,229",470,209,76,688,88,198,"2,120","1,326",287,316
2017,W93036,Aneurin Bevan,,Monmouthshire North,"13,528",537,310,143,874,94,239,"2,309","1,283",387,423
2017,W93037,Aneurin Bevan,,Monmouthshire North,"4,752",215,58,21,323,26,77,726,647,138,137
2017,W93038,Aneurin Bevan,,Monmouthshire North,"2,759",106,36,11,137,11,30,491,222,51,66
2017,W93072,Aneurin Bevan,,Monmouthshire North,"4,260",133,91,72,208,21,57,628,371,89,84
2017,W93126,Aneurin Bevan,,Monmouthshire North,"3,528",136,39,23,189,22,50,449,219,77,78
2017,W93020,Aneurin Bevan,,Monmouthshire South,"8,633",355,150,82,458,60,100,"1,334",859,165,218
2017,W93021,Aneurin Bevan,,Monmouthshire South,"8,342",226,90,66,428,50,49,"1,159","1,063",156,159
2017,W93022,Aneurin Bevan,,Monmouthshire South,"9,135",290,169,74,454,56,78,"1,329",565,203,187
2017,W93023,Aneurin Bevan,,Monmouthshire South,"19,423",740,282,115,"1,201",120,177,"3,101","2,006",444,431
2017,W93643,Aneurin Bevan,,Monmouthshire South,"1,895",47,34,8,96,10,24,332,249,39,55
2017,W93040,Aneurin Bevan,,Newport East,"6,078",191,99,11,391,41,40,922,200,100,77
2017,W93044,Aneurin Bevan,,Newport East,"9,180",254,129,22,549,52,48,941,867,116,118
2017,W93047,Aneurin Bevan,,Newport East,"6,724",267,113,29,427,51,42,"1,038",539,125,139
2017,W93052,Aneurin Bevan,,Newport East,"5,717",186,140,26,397,38,25,807,352,87,88
2017,W93053,Aneurin Bevan,,Newport East,"13,717",451,246,72,862,108,113,"1,739","1,829",245,218
2017,W93125,Aneurin Bevan,,Newport East,"4,023",128,36,16,183,24,23,458,679,50,49
2017,W93640,Aneurin Bevan,,Newport East,"4,307",144,115,15,289,31,53,757,684,96,90
2017,W93018,Aneurin Bevan,,Newport North,"9,353",290,125,53,435,65,90,"1,294",685,166,178
2017,W93043,Aneurin Bevan,,Newport North,"6,209",242,97,42,413,50,61,"1,168",525,111,106
2017,W93045,Aneurin Bevan,,Newport North,"8,197",243,170,69,553,62,70,"1,302",771,169,168
2017,W93049,Aneurin Bevan,,Newport North,"12,070",384,221,54,645,92,105,"1,712","1,258",202,157
2017,W93051,Aneurin Bevan,,Newport North,"9,308",303,223,40,561,73,81,"1,458","1,218",173,126
2017,W93061,Aneurin Bevan,,Newport North,"11,115",416,187,121,578,83,75,"1,697","1,086",226,234
2017,W93039,Aneurin Bevan,,Newport West,"4,424",114,100,11,406,26,33,547,622,49,38
2017,W93046,Aneurin Bevan,,Newport West,"6,356",172,109,24,345,53,50,893,694,98,94
2017,W93048,Aneurin Bevan,,Newport West,"16,648",504,441,177,"1,068",123,151,"2,446","1,868",339,246
2017,W93054,Aneurin Bevan,,Newport West,"15,216",589,297,91,918,112,129,"2,226","1,670",294,275
2017,W93116,Aneurin Bevan,,Newport West,"5,700",168,129,60,286,47,43,740,471,100,68
2017,W93015,Aneurin Bevan,,Torfaen North,"6,240",253,165,22,423,50,57,"1,096",751,127,148
2017,W93031,Aneurin Bevan,,Torfaen North,"6,499",252,140,34,417,55,75,"1,046",647,119,135
2017,W93055,Aneurin Bevan,,Torfaen North,"7,049",261,168,40,493,63,53,"1,084",643,140,149
2017,W93056,Aneurin Bevan,,Torfaen North,"6,831",273,144,61,481,47,68,"1,176",733,111,140
2017,W93057,Aneurin Bevan,,Torfaen North,"10,687",461,340,49,803,95,139,"2,032","1,066",250,245
2017,W93058,Aneurin Bevan,,Torfaen North,"11,957",536,302,71,902,96,166,"2,144","1,441",314,306
2017,W93024,Aneurin Bevan,,Torfaen South,"8,558",353,167,68,647,78,65,"1,432","1,152",206,172
2017,W93025,Aneurin Bevan,,Torfaen South,"4,539",194,101,30,240,38,35,631,343,92,123
2017,W93026,Aneurin Bevan,,Torfaen South,"4,166",201,132,17,270,40,48,718,516,99,108
2017,W93027,Aneurin Bevan,,Torfaen South,"8,373",358,136,53,549,50,89,"1,438",772,173,164
2017,W93028,Aneurin Bevan,,Torfaen South,"6,817",218,161,33,465,63,61,"1,129",543,144,133
2017,W93029,Aneurin Bevan,,Torfaen South,"6,850",243,211,82,388,71,64,"1,156",465,123,102
2017,W93030,Aneurin Bevan,,Torfaen South,"6,238",230,125,24,340,43,54,890,632,103,101
2017,W94002,Betsi Cadwaladr,,Anglesey,"10,085",441,356,63,664,70,120,"1,634","1,112",269,244
2017,W94006,Betsi Cadwaladr,,Anglesey,"4,738",194,123,43,295,34,88,908,455,132,115
2017,W94009,Betsi Cadwaladr,,Anglesey,"4,659",220,117,58,306,42,105,"1,006",353,117,152
2017,W94014,Betsi Cadwaladr,,Anglesey,"4,669",169,122,33,284,47,49,883,522,118,91
2017,W94015,Betsi Cadwaladr,,Anglesey,"8,178",459,277,121,506,60,138,"1,673",851,244,223
2017,W94023,Betsi Cadwaladr,,Anglesey,"7,227",295,205,48,472,50,90,"1,413",458,157,203
2017,W94026,Betsi Cadwaladr,,Anglesey,"5,252",202,212,33,328,55,49,852,646,137,115
2017,W94029,Betsi Cadwaladr,,Anglesey,"6,938",257,173,26,385,44,67,917,682,148,144
2017,W94038,Betsi Cadwaladr,,Anglesey,"10,267",378,254,61,666,73,117,"1,387",765,220,212
2017,W94043,Betsi Cadwaladr,,Anglesey,"2,264",86,48,8,146,11,23,424,328,38,54
2017,W94633,Betsi Cadwaladr,,Anglesey,"1,285",58,45,1,79,5,21,231,160,31,31
2017,W94010,Betsi Cadwaladr,,Arfon,"11,764",129,149,23,278,52,22,734,440,95,98
2017,W94017,Betsi Cadwaladr,,Arfon,"5,966",173,155,63,283,50,53,879,403,126,124
2017,W94027,Betsi Cadwaladr,,Arfon,"5,871",209,132,29,250,51,45,836,373,108,98
2017,W94028,Betsi Cadwaladr,,Arfon,"6,281",188,163,26,295,50,42,794,215,73,92
2017,W94030,Betsi Cadwaladr,,Arfon,"13,045",472,365,106,688,90,149,"2,003",939,224,247
2017,W94033,Betsi Cadwaladr,,Arfon,"2,515",104,46,9,116,20,22,345,134,51,44
2017,W94034,Betsi Cadwaladr,,Arfon,"8,967",222,244,85,420,74,66,938,555,127,116
2017,W94039,Betsi Cadwaladr,,Arfon,"5,562",164,135,26,253,32,51,837,270,123,119
2017,W94040,Betsi Cadwaladr,,Arfon,"3,681",102,111,19,195,26,34,557,428,39,73
2017,W94609,Betsi Cadwaladr,,Arfon,"2,840",117,82,30,193,31,28,537,112,82,71
2017,W94618,Betsi Cadwaladr,,Arfon,"2,166",75,56,8,122,16,15,339,248,46,52
2017,W91002,Betsi Cadwaladr,,Central & South Denbighshire,"10,237",371,211,69,523,62,91,"1,662",509,209,237
2017,W91023,Betsi Cadwaladr,,Central & South Denbighshire,"5,344",243,173,25,373,38,87,865,408,105,111
2017,W91027,Betsi Cadwaladr,,Central & South Denbighshire,"5,127",225,194,42,319,47,75,972,372,99,121
2017,W91033,Betsi Cadwaladr,,Central & South Denbighshire,"9,028",372,236,82,521,61,111,"1,692",625,219,261
2017,W91034,Betsi Cadwaladr,,Central & South Denbighshire,"2,860",82,60,16,139,12,27,464,231,60,65
2017,W91047,Betsi Cadwaladr,,Central & South Denbighshire,"3,988",159,103,30,211,24,76,671,260,118,117
2017,W91057,Betsi Cadwaladr,,Central & South Denbighshire,"3,461",136,95,21,201,26,45,459,163,72,58
2017,W91624,Betsi Cadwaladr,,Central & South Denbighshire,"1,906",47,56,6,106,30,14,292,152,30,31
2017,W91004,Betsi Cadwaladr,,Central Wrexham,"13,299",533,310,98,802,102,169,"2,486","1,388",303,347
2017,W91022,Betsi Cadwaladr,,Central Wrexham,"13,583",463,337,98,702,100,164,"2,060","1,310",258,228
2017,W91030,Betsi Cadwaladr,,Central Wrexham,"6,378",238,184,37,382,55,70,940,"1,075",126,120
2017,W91042,Betsi Cadwaladr,,Central Wrexham,"3,322",122,63,10,160,20,26,464,307,46,68
2017,W91054,Betsi Cadwaladr,,Central Wrexham,"5,731",150,77,18,211,27,37,881,258,69,76
2017,W91058,Betsi Cadwaladr,,Central Wrexham,"5,274",206,147,18,343,41,63,864,460,88,106
2017,W91629,Betsi Cadwaladr,,Central Wrexham,"4,021",106,68,127,201,41,24,411,312,73,52
2017,W91007,Betsi Cadwaladr,,Conwy East,"11,018",436,218,102,685,93,147,"1,688","1,065",232,232
2017,W91014,Betsi Cadwaladr,,Conwy East,"6,954",403,318,84,659,51,78,"1,463",874,158,183
2017,W91031,Betsi Cadwaladr,,Conwy East,"9,072",329,195,169,487,87,86,"1,288",887,208,193
2017,W91038,Betsi Cadwaladr,,Conwy East,"15,376",831,410,155,"1,097",123,144,"3,209",803,393,427
2017,W91048,Betsi Cadwaladr,,Conwy East,"8,622",375,203,164,554,80,120,"1,542",474,213,228
2017,W91050,Betsi Cadwaladr,,Conwy East,"1,034",35,33,6,52,7,13,175,41,15,14
2017,W91635,Betsi Cadwaladr,,Conwy East,"1,570",68,38,13,85,14,30,261,124,36,29
2017,W00065,Betsi Cadwaladr,,Conwy West,"2,291",63,138,17,121,17,21,372,355,32,46
2017,W94001,Betsi Cadwaladr,,Conwy West,"9,095",406,188,108,492,92,125,"1,689",586,222,240
2017,W94003,Betsi Cadwaladr,,Conwy West,"7,642",311,226,41,443,55,51,"1,221",445,177,140
2017,W94005,Betsi Cadwaladr,,Conwy West,"2,596",57,44,9,133,13,18,394,213,34,45
2017,W94016,Betsi Cadwaladr,,Conwy West,"3,628",137,91,18,195,23,43,648,281,84,83
2017,W94018,Betsi Cadwaladr,,Conwy West,"6,046",273,135,85,342,40,91,"1,263",292,170,244
2017,W94019,Betsi Cadwaladr,,Conwy West,"11,126",623,243,145,705,109,273,"2,019",957,370,392
2017,W94020,Betsi Cadwaladr,,Conwy West,"1,716",58,20,9,116,17,10,255,91,31,34
2017,W94024,Betsi Cadwaladr,,Conwy West,"5,438",208,160,49,339,42,51,873,333,132,102
2017,W94031,Betsi Cadwaladr,,Conwy West,"6,778",279,170,47,350,49,65,"1,143",558,147,161
2017,W94046,Betsi Cadwaladr,,Conwy West,"4,441",148,97,22,264,20,38,757,413,91,101
2017,W94622,Betsi Cadwaladr,,Conwy West,"2,564",99,57,16,141,15,39,442,76,48,64
2017,W94011,Betsi Cadwaladr,,Dwyfor,"7,694",306,201,46,468,64,103,"1,466",798,159,232
2017,W94021,Betsi Cadwaladr,,Dwyfor,"3,875",170,110,80,234,35,61,807,331,140,149
2017,W94025,Betsi Cadwaladr,,Dwyfor,"5,285",250,108,33,283,35,83,"1,060",374,116,143
2017,W94037,Betsi Cadwaladr,,Dwyfor,"4,243",145,76,9,234,29,40,731,348,99,82
2017,W94612,Betsi Cadwaladr,,Dwyfor,"3,919",156,120,18,276,21,52,745,328,77,114
2017,W94004,Betsi Cadwaladr,,Meirionnydd,"4,809",152,140,11,285,51,36,678,333,99,87
2017,W94007,Betsi Cadwaladr,,Meirionnydd,"5,473",327,196,81,491,54,156,"1,325",759,196,217
2017,W94008,Betsi Cadwaladr,,Meirionnydd,"4,606",250,117,23,336,32,70,801,525,108,163
2017,W94032,Betsi Cadwaladr,,Meirionnydd,"7,356",303,199,53,467,42,101,"1,502",525,183,189
2017,W94035,Betsi Cadwaladr,,Meirionnydd,"4,569",154,134,32,235,29,48,727,382,84,94
2017,W94036,Betsi Cadwaladr,,Meirionnydd,"4,651",209,156,36,322,48,64,823,622,119,144
2017,W00007,Betsi Cadwaladr,,North & West Wrexham,"6,761",238,173,46,400,50,82,"1,126",859,112,141
2017,W91006,Betsi Cadwaladr,,North & West Wrexham,"8,582",291,241,25,471,64,76,"1,180",728,147,145
2017,W91016,Betsi Cadwaladr,,North & West Wrexham,"4,644",183,149,23,279,29,46,799,500,102,110
2017,W91020,Betsi Cadwaladr,,North & West Wrexham,"6,604",210,187,42,303,49,65,898,602,114,120
2017,W91025,Betsi Cadwaladr,,North & West Wrexham,"12,742",529,319,87,707,80,129,"2,463","1,415",256,367
2017,W91056,Betsi Cadwaladr,,North & West Wrexham,"2,429",88,34,9,121,14,23,307,187,29,41
2017,W91003,Betsi Cadwaladr,,North Denbighshire,"16,185",842,599,270,"1,168",171,210,"2,918","1,147",388,391
2017,W91009,Betsi Cadwaladr,,North Denbighshire,"21,655","1,183",805,203,"1,616",201,238,"3,957","1,231",502,569
2017,W91028,Betsi Cadwaladr,,North Denbighshire,"7,747",325,276,50,480,64,71,"1,373",570,155,155
2017,W91053,Betsi Cadwaladr,,North Denbighshire,"6,304",216,233,31,368,49,49,978,498,99,109
2017,W91615,Betsi Cadwaladr,,North Denbighshire,"2,214",90,66,8,131,19,9,266,117,26,34
2017,W91622,Betsi Cadwaladr,,North Denbighshire,"6,102",192,198,25,296,40,73,886,706,102,103
2017,W91015,Betsi Cadwaladr,,North East Flintshire,"10,328",333,174,19,547,57,55,"1,515",972,173,190
2017,W91021,Betsi Cadwaladr,,North East Flintshire,"15,535",533,306,61,874,91,124,"2,245","1,776",292,330
2017,W91036,Betsi Cadwaladr,,North East Flintshire,"8,070",294,225,23,423,76,88,"1,172",486,158,203
2017,W91039,Betsi Cadwaladr,,North East Flintshire,"5,449",223,123,26,337,36,65,909,197,102,117
2017,W91040,Betsi Cadwaladr,,North East Flintshire,"6,965",220,139,19,374,31,92,"1,119",641,137,146
2017,W91051,Betsi Cadwaladr,,North East Flintshire,"7,778",333,186,33,394,56,74,"1,002",381,110,108
2017,W91060,Betsi Cadwaladr,,North East Flintshire,"5,933",231,186,40,342,32,71,"1,053","1,131",87,104
2017,W91607,Betsi Cadwaladr,,North East Flintshire,"1,879",82,38,5,96,15,15,430,157,54,22
2017,W91005,Betsi Cadwaladr,,North West Flintshire,"9,860",371,267,47,623,48,67,"1,591",768,160,195
2017,W91029,Betsi Cadwaladr,,North West Flintshire,"7,808",276,188,39,449,54,75,"1,566",548,138,189
2017,W91032,Betsi Cadwaladr,,North West Flintshire,"5,143",196,124,40,302,40,49,815,565,87,81
2017,W91037,Betsi Cadwaladr,,North West Flintshire,"2,644",97,91,13,177,20,28,412,277,34,54
2017,W91046,Betsi Cadwaladr,,North West Flintshire,"3,860",126,56,26,238,26,37,564,143,60,72
2017,W91055,Betsi Cadwaladr,,North West Flintshire,"6,615",272,195,65,403,51,62,"1,162",696,119,156
2017,W91636,Betsi Cadwaladr,,North West Flintshire,"3,414",128,64,5,197,25,25,432,294,36,48
2017,W00076,Betsi Cadwaladr,,South Flintshire,"14,411",512,364,62,775,101,153,"2,207","1,369",281,325
2017,W91013,Betsi Cadwaladr,,South Flintshire,"8,796",310,142,88,511,57,73,"1,440",717,179,209
2017,W91017,Betsi Cadwaladr,,South Flintshire,"10,872",507,241,73,698,76,153,"1,950","1,138",303,387
2017,W91018,Betsi Cadwaladr,,South Flintshire,"10,053",395,179,45,513,71,101,"1,446",739,232,214
2017,W91044,Betsi Cadwaladr,,South Flintshire,"2,436",90,78,8,160,12,23,480,220,49,58
2017,W91610,Betsi Cadwaladr,,South Flintshire,"1,983",81,61,26,127,12,23,360,316,33,42
2017,W91626,Betsi Cadwaladr,,South Flintshire,"2,053",58,29,5,111,9,16,331,113,25,30
2017,W91010,Betsi Cadwaladr,,South Wrexham,"9,098",334,180,78,502,80,93,"1,423",926,201,272
2017,W91019,Betsi Cadwaladr,,South Wrexham,"8,610",369,263,50,503,68,90,"1,640",518,156,165
2017,W91024,Betsi Cadwaladr,,South Wrexham,"9,815",357,203,93,609,85,78,"1,471","1,090",236,239
2017,W91026,Betsi Cadwaladr,,South Wrexham,"6,522",246,123,23,364,43,78,"1,227",611,144,185
2017,W91043,Betsi Cadwaladr,,South Wrexham,"9,212",361,171,39,501,82,107,"1,655","1,072",141,192
2017,W91059,Betsi Cadwaladr,,South Wrexham,"5,875",183,213,13,327,47,67,779,471,86,77
2017,W91604,Betsi Cadwaladr,,South Wrexham,"1,778",66,23,5,112,15,11,468,121,24,34
2017,W91614,Betsi Cadwaladr,,South Wrexham,"2,300",85,56,6,137,11,28,342,351,45,48
2017,W97006,Cardiff & Vale,,Cardiff East,"18,627",445,339,69,893,133,143,"2,150","2,516",222,213
2017,W97008,Cardiff & Vale,,Cardiff East,"8,760",246,205,65,434,54,56,"1,049",812,121,116
2017,W97027,Cardiff & Vale,,Cardiff East,"15,515",523,420,110,895,133,140,"2,603",960,290,278
2017,W97049,Cardiff & Vale,,Cardiff East,"10,091",373,210,93,617,80,130,"1,273",842,209,189
2017,W97069,Cardiff & Vale,,Cardiff East,"5,037",93,64,62,200,29,14,476,285,49,40
2017,W97010,Cardiff & Vale,,Cardiff North,"9,697",340,154,91,492,46,154,"1,383",790,224,224
2017,W97013,Cardiff & Vale,,Cardiff North,"8,818",320,138,123,445,74,105,"1,528",782,215,217
2017,W97015,Cardiff & Vale,,Cardiff North,"15,056",472,179,105,711,88,146,"2,243","1,384",312,352
2017,W97021,Cardiff & Vale,,Cardiff North,"9,954",313,88,82,454,65,83,"1,308",793,172,189
2017,W97022,Cardiff & Vale,,Cardiff North,"8,389",206,97,23,394,54,70,872,517,122,117
2017,W97025,Cardiff & Vale,,Cardiff North,"7,661",144,113,27,273,36,33,688,431,78,69
2017,W97033,Cardiff & Vale,,Cardiff North,"10,916",249,97,81,366,64,107,"1,136",420,189,138
2017,W97034,Cardiff & Vale,,Cardiff North,"12,571",211,61,54,353,54,56,796,324,125,122
2017,W97041,Cardiff & Vale,,Cardiff North,"7,883",205,106,32,345,55,97,906,573,124,118
2017,W97053,Cardiff & Vale,,Cardiff North,"7,351",194,75,67,278,34,50,947,544,125,113
2017,W97065,Cardiff & Vale,,Cardiff North,"10,164",164,135,44,386,47,51,"1,035",890,94,70
2017,W97002,Cardiff & Vale,,Cardiff South East,"6,508",166,210,34,335,47,47,807,484,92,90
2017,W97007,Cardiff & Vale,,Cardiff South East,"7,580",163,175,41,406,68,46,896,795,104,75
2017,W97009,Cardiff & Vale,,Cardiff South East,"6,355",48,33,27,123,24,29,234,362,43,35
2017,W97014,Cardiff & Vale,,Cardiff South East,"6,971",121,53,19,283,33,30,445,397,72,52
2017,W97020,Cardiff & Vale,,Cardiff South East,"7,968",196,105,24,280,23,47,620,563,90,106
2017,W97048,Cardiff & Vale,,Cardiff South East,"12,070",282,190,65,576,83,96,"1,325","1,440",183,114
2017,W97056,Cardiff & Vale,,Cardiff South East,"6,932",38,15,9,95,10,17,199,266,19,23
2017,W97060,Cardiff & Vale,,Cardiff South East,"8,101",161,140,35,377,64,41,727,573,98,84
2017,W97005,Cardiff & Vale,,Cardiff South West,"4,337",142,97,32,219,24,35,580,239,65,64
2017,W97016,Cardiff & Vale,,Cardiff South West,"4,130",125,83,15,320,29,17,527,293,62,71
2017,W97017,Cardiff & Vale,,Cardiff South West,"8,206",267,220,84,466,68,88,"1,125",905,163,132
2017,W97018,Cardiff & Vale,,Cardiff South West,"4,811",69,36,6,276,20,42,469,288,39,16
2017,W97023,Cardiff & Vale,,Cardiff South West,"7,530",255,250,60,388,68,69,"1,157",636,132,174
2017,W97031,Cardiff & Vale,,Cardiff South West,"6,066",195,100,58,306,48,41,679,451,106,123
2017,W97040,Cardiff & Vale,,Cardiff South West,"13,202",393,263,60,818,94,93,"1,761","1,018",269,188
2017,W97067,Cardiff & Vale,,Cardiff South West,"4,807",67,33,31,108,26,17,360,234,49,42
2017,W97068,Cardiff & Vale,,Cardiff South West,"3,148",77,67,17,196,24,32,475,215,51,51
2017,W97296,Cardiff & Vale,,Cardiff South West,"8,003",129,128,52,245,51,54,684,475,73,78
2017,W97623,Cardiff & Vale,,Cardiff South West,"2,560",52,64,7,142,20,4,294,378,30,14
2017,W97024,Cardiff & Vale,,Cardiff West,"8,679",259,88,68,330,47,79,"1,134",521,153,186
2017,W97028,Cardiff & Vale,,Cardiff West,"7,120",225,90,42,301,51,98,943,441,186,176
2017,W97036,Cardiff & Vale,,Cardiff West,"6,037",164,86,18,258,28,51,839,519,92,108
2017,W97047,Cardiff & Vale,,Cardiff West,"8,967",421,199,47,520,63,62,"1,286",670,234,193
2017,W97059,Cardiff & Vale,,Cardiff West,"4,310",122,66,32,190,30,50,574,268,98,96
2017,W97286,Cardiff & Vale,,Cardiff West,"5,433",133,128,52,255,33,50,578,389,97,105
2017,W97294,Cardiff & Vale,,Cardiff West,"5,858",163,79,42,291,44,29,736,479,108,100
2017,W97619,Cardiff & Vale,,Cardiff West,"6,594",168,74,46,231,32,58,885,330,100,119
2017,W97001,Cardiff & Vale,,Central Vale,"13,859",429,265,88,648,102,89,"1,998","1,319",265,272
2017,W97032,Cardiff & Vale,,Central Vale,"12,164",424,258,65,714,102,113,"1,800","1,486",231,227
2017,W97046,Cardiff & Vale,,Central Vale,"6,247",249,256,45,409,59,95,"1,265",592,149,137
2017,W97058,Cardiff & Vale,,Central Vale,"7,162",261,148,66,476,57,68,"1,213",737,154,137
2017,W97062,Cardiff & Vale,,Central Vale,"3,461",132,35,20,176,32,41,545,83,105,83
2017,W97064,Cardiff & Vale,,Central Vale,"7,446",255,129,40,407,53,41,"1,074",680,168,131
2017,W97611,Cardiff & Vale,,Central Vale,"7,326",177,162,27,358,71,55,866,788,110,97
2017,W97614,Cardiff & Vale,,Central Vale,"5,613",206,91,31,307,39,37,802,380,109,116
2017,W97029,Cardiff & Vale,,City & Cardiff South,"5,234",100,86,27,238,39,28,362,256,67,35
2017,W97044,Cardiff & Vale,,City & Cardiff South,"7,392",175,95,40,479,37,56,705,428,94,55
2017,W97061,Cardiff & Vale,,City & Cardiff South,"8,528",195,115,40,401,65,63,"1,061",671,102,117
2017,W97063,Cardiff & Vale,,City & Cardiff South,"3,385",67,40,10,157,17,12,444,188,36,33
2017,W97291,Cardiff & Vale,,City & Cardiff South,"7,893",63,30,20,209,30,16,280,312,54,28
2017,W97299,Cardiff & Vale,,City & Cardiff South,"4,599",125,39,26,398,20,42,653,329,58,27
2017,W97616,Cardiff & Vale,,City & Cardiff South,"2,984",72,36,41,196,18,16,293,177,42,22
2017,W97003,Cardiff & Vale,,Eastern Vale,"7,258",228,108,59,360,44,59,"1,045",463,125,151
2017,W97011,Cardiff & Vale,,Eastern Vale,"8,778",332,149,98,481,62,152,"1,389",556,248,219
2017,W97019,Cardiff & Vale,,Eastern Vale,"5,165",155,81,56,301,30,38,782,475,117,125
2017,W97055,Cardiff & Vale,,Eastern Vale,"9,302",367,121,72,481,57,80,"1,488",534,196,237
2017,W97057,Cardiff & Vale,,Eastern Vale,"6,207",173,93,49,303,33,33,679,338,103,105
2017,W97038,Cardiff & Vale,,Western Vale,"6,877",222,59,63,272,37,74,954,218,161,182
2017,W97045,Cardiff & Vale,,Western Vale,"10,886",444,194,73,610,69,182,"1,781",812,337,274
2017,W97052,Cardiff & Vale,,Western Vale,"10,064",301,129,59,519,60,77,"1,322",740,182,259
2017,W95001,Cwm Taf,,North Cynon,"7,886",293,302,45,566,92,98,"1,665",922,139,203
2017,W95016,Cwm Taf,,North Cynon,"5,371",211,116,13,338,49,57,993,591,110,91
2017,W95020,Cwm Taf,,North Cynon,"5,803",257,183,14,396,45,32,798,589,77,114
2017,W95047,Cwm Taf,,North Cynon,"8,098",324,175,50,481,57,76,"1,609","1,085",200,211
2017,W95087,Cwm Taf,,North Cynon,"4,333",199,132,28,291,41,36,654,387,80,111
2017,W95633,Cwm Taf,,North Cynon,"8,827",327,285,52,544,61,91,"1,387",680,163,180
2017,W95005,Cwm Taf,,North Merthyr Tydfil,"3,440",129,94,17,199,37,37,596,356,60,45
2017,W95023,Cwm Taf,,North Merthyr Tydfil,"8,815",382,270,97,565,98,78,"1,440","1,157",230,213
2017,W95086,Cwm Taf,,North Merthyr Tydfil,"16,991",763,575,93,"1,126",146,190,"3,141","2,008",378,386
2017,W95647,Cwm Taf,,North Merthyr Tydfil,"2,894",90,85,11,144,27,17,411,393,39,36
2017,W95019,Cwm Taf,,North Rhondda,"6,232",353,260,23,414,62,92,"1,283",742,192,147
2017,W95030,Cwm Taf,,North Rhondda,"4,789",185,137,23,299,43,48,817,560,115,109
2017,W95051,Cwm Taf,,North Rhondda,"7,631",380,346,33,482,69,66,"1,585",919,154,164
2017,W95054,Cwm Taf,,North Rhondda,"10,182",346,255,20,616,78,79,"1,444","1,266",211,158
2017,W95071,Cwm Taf,,North Rhondda,"6,641",258,156,19,476,47,23,"1,196",689,122,139
2017,W95014,Cwm Taf,,North Taf Ely,"12,296",519,319,114,793,102,103,"2,180","1,349",307,275
2017,W95024,Cwm Taf,,North Taf Ely,"16,461",455,297,124,948,127,132,"2,301","2,039",292,296
2017,W95058,Cwm Taf,,North Taf Ely,"15,813",523,406,85,992,138,118,"2,365","2,073",289,251
2017,W95619,Cwm Taf,,North Taf Ely,"2,350",90,65,14,150,23,18,410,334,53,56
2017,W95029,Cwm Taf,,South Cynon,"4,033",141,184,10,285,39,39,754,595,66,70
2017,W95038,Cwm Taf,,South Cynon,"4,451",135,173,51,315,37,61,708,424,88,67
2017,W95042,Cwm Taf,,South Cynon,"6,567",250,188,18,406,57,66,989,770,107,122
2017,W95055,Cwm Taf,,South Cynon,"1,741",76,62,3,118,23,20,359,242,57,45
2017,W95623,Cwm Taf,,South Cynon,"4,363",239,229,37,352,42,126,"1,072",843,107,107
2017,W95026,Cwm Taf,,South Merthyr Tydfil,"5,129",158,150,37,325,44,37,934,731,80,86
2017,W95032,Cwm Taf,,South Merthyr Tydfil,"5,867",185,130,36,415,38,43,"1,133","1,097",90,114
2017,W95072,Cwm Taf,,South Merthyr Tydfil,"12,245",358,247,29,594,86,59,"1,633",878,201,144
2017,W95290,Cwm Taf,,South Merthyr Tydfil,"2,001",84,38,4,133,11,26,327,280,47,34
2017,W95634,Cwm Taf,,South Merthyr Tydfil,"3,121",117,108,25,219,25,27,675,570,52,63
2017,W95004,Cwm Taf,,South Rhondda,"8,285",287,292,61,579,67,65,"1,587","1,194",186,165
2017,W95007,Cwm Taf,,South Rhondda,"5,075",162,121,22,321,51,18,"1,088",837,80,97
2017,W95027,Cwm Taf,,South Rhondda,"6,143",237,141,12,361,69,51,892,947,141,128
2017,W95044,Cwm Taf,,South Rhondda,"9,083",333,214,71,539,84,61,"1,235","1,511",250,187
2017,W95045,Cwm Taf,,South Rhondda,"3,132",131,94,20,156,33,31,457,384,76,63
2017,W95057,Cwm Taf,,South Rhondda,"5,191",224,146,17,370,49,28,"1,034",731,123,123
2017,W95062,Cwm Taf,,South Rhondda,"7,155",283,228,57,490,75,92,"1,456","1,142",165,168
2017,W95076,Cwm Taf,,South Rhondda,"3,815",192,92,13,280,34,44,671,209,76,74
2017,W95295,Cwm Taf,,South Rhondda,"5,559",239,204,48,418,73,35,976,"1,057",120,114
2017,W95011,Cwm Taf,,South Taf Ely,"17,424",555,178,54,838,102,111,"2,264","1,309",284,276
2017,W95025,Cwm Taf,,South Taf Ely,"12,198",426,213,56,687,77,57,"1,655","1,043",216,276
2017,W95036,Cwm Taf,,South Taf Ely,"11,989",406,318,66,687,105,117,"1,784","1,052",263,236
2017,W95060,Cwm Taf,,South Taf Ely,"6,956",184,88,71,371,47,49,"1,056",579,102,121
2017,W00142,Hywel Dda,,Amman/Gwendraeth,"7,809",378,271,41,584,61,74,"1,104",841,195,188
2017,W92003,Hywel Dda,,Amman/Gwendraeth,"7,734",415,219,51,580,87,118,"1,372","1,267",201,226
2017,W92013,Hywel Dda,,Amman/Gwendraeth,"4,485",197,96,14,293,42,47,849,494,94,106
2017,W92035,Hywel Dda,,Amman/Gwendraeth,"7,087",349,197,56,476,68,94,"1,165","1,016",153,214
2017,W92036,Hywel Dda,,Amman/Gwendraeth,"10,383",471,298,99,720,93,113,"1,670","1,319",248,242
2017,W92040,Hywel Dda,,Amman/Gwendraeth,"8,899",371,193,70,576,72,74,"1,371",842,155,225
2017,W92046,Hywel Dda,,Amman/Gwendraeth,"4,323",227,64,17,288,26,30,686,543,93,79
2017,W92051,Hywel Dda,,Amman/Gwendraeth,"8,301",358,210,51,567,57,105,"1,401","1,086",156,165
2017,W00133,Hywel Dda,,Llanelli,"7,851",349,174,74,514,65,103,"1,275",932,174,220
2017,W00134,Hywel Dda,,Llanelli,"8,971",353,179,67,617,75,78,"1,204","1,247",216,208
2017,W92021,Hywel Dda,,Llanelli,"6,461",299,140,59,424,69,57,"1,057",671,182,155
2017,W92031,Hywel Dda,,Llanelli,"6,210",306,172,38,455,49,67,"1,173",568,138,180
2017,W92037,Hywel Dda,,Llanelli,"9,353",354,179,63,479,91,69,"1,023",768,192,191
2017,W92048,Hywel Dda,,Llanelli,"4,641",206,74,26,271,39,36,814,425,108,106
2017,W92052,Hywel Dda,,Llanelli,"14,755",673,340,104,"1,099",133,131,"2,498","1,566",336,322
2017,W92436,Hywel Dda,,Llanelli,"1,405",57,26,10,89,16,14,288,181,36,30
2017,W92614,Hywel Dda,,Llanelli,"2,284",90,29,6,165,14,18,232,67,41,27
2017,W92006,Hywel Dda,,North Ceredigion,"2,702",151,81,26,203,19,73,548,403,65,88
2017,W92014,Hywel Dda,,North Ceredigion,"10,927",312,157,80,477,81,125,"1,372",865,195,201
2017,W92022,Hywel Dda,,North Ceredigion,"7,416",354,147,36,546,74,152,"1,625",859,164,208
2017,W92024,Hywel Dda,,North Ceredigion,"11,483",183,81,47,298,57,84,821,539,91,119
2017,W92025,Hywel Dda,,North Ceredigion,"7,567",294,189,59,427,54,140,"1,392",724,148,207
2017,W92053,Hywel Dda,,North Ceredigion,"3,580",154,71,16,238,29,91,670,408,97,78
2017,W92056,Hywel Dda,,North Ceredigion,"3,320",138,95,21,203,19,79,628,384,75,74
2017,W92002,Hywel Dda,,North Pembrokeshire,"12,263",331,304,58,657,73,70,"2,028","1,048",221,274
2017,W92008,Hywel Dda,,North Pembrokeshire,"8,285",352,297,54,589,78,89,"1,549","1,064",184,241
2017,W92015,Hywel Dda,,North Pembrokeshire,"5,059",217,125,25,311,42,71,893,511,127,137
2017,W92041,Hywel Dda,,North Pembrokeshire,"8,700",333,158,37,578,86,85,"1,046",435,233,203
2017,W92042,Hywel Dda,,North Pembrokeshire,"14,443",499,525,102,788,106,123,"2,272","1,003",330,383
2017,W92058,Hywel Dda,,North Pembrokeshire,"2,469",93,65,21,151,21,24,508,302,55,70
2017,W92059,Hywel Dda,,North Pembrokeshire,"2,497",109,66,23,220,20,37,546,332,63,111
2017,W92061,Hywel Dda,,North Pembrokeshire,"4,296",178,85,28,242,35,39,697,217,80,96
2017,W92064,Hywel Dda,,North Pembrokeshire,"6,796",333,160,37,462,54,155,"1,456",349,230,218
2017,W92005,Hywel Dda,,South Ceredigion,"5,191",191,125,18,322,28,48,801,384,101,125
2017,W92018,Hywel Dda,,South Ceredigion,"7,879",310,159,63,464,66,63,"1,430",454,181,187
2017,W92019,Hywel Dda,,South Ceredigion,"5,705",273,97,41,379,60,70,"1,034",491,166,198
2017,W92034,Hywel Dda,,South Ceredigion,"6,301",292,168,26,453,51,61,"1,382",463,134,135
2017,W92039,Hywel Dda,,South Ceredigion,"11,465",432,221,67,695,75,149,"1,889","1,232",220,280
2017,W92044,Hywel Dda,,South Ceredigion,"7,500",353,173,50,456,54,71,"1,400",698,214,236
2017,W92065,Hywel Dda,,South Ceredigion,"3,828",176,95,52,259,25,52,740,399,117,118
2017,W00067,Hywel Dda,,South Pembrokeshire,"24,712",975,651,148,"1,708",188,224,"4,135","1,570",566,724
2017,W92027,Hywel Dda,,South Pembrokeshire,"8,015",340,214,82,435,40,95,"1,362",622,223,300
2017,W92033,Hywel Dda,,South Pembrokeshire,"8,978",504,204,136,653,85,175,"1,995","1,071",333,358
2017,W92038,Hywel Dda,,South Pembrokeshire,"9,015",340,120,71,502,64,60,"1,640",919,213,290
2017,W92440,Hywel Dda,,South Pembrokeshire,"3,594",141,80,18,200,28,33,593,361,92,57
2017,W92007,Hywel Dda,,Taf / Teifi / Tywi,"7,216",366,152,44,596,63,96,"1,316","1,045",181,235
2017,W92009,Hywel Dda,,Taf / Teifi / Tywi,"9,531",350,152,60,510,91,101,"1,550","1,019",244,275
2017,W92016,Hywel Dda,,Taf / Teifi / Tywi,"14,384",509,228,97,909,107,140,"2,314","1,548",337,356
2017,W92023,Hywel Dda,,Taf / Teifi / Tywi,"6,966",319,130,27,455,53,84,"1,107",691,164,200
2017,W92050,Hywel Dda,,Taf / Teifi / Tywi,"7,425",295,166,52,430,57,114,"1,140",511,182,186
2017,W92055,Hywel Dda,,Taf / Teifi / Tywi,"5,480",223,62,53,313,54,52,834,411,159,124
2017,W92063,Hywel Dda,,Taf / Teifi / Tywi,"3,616",135,82,14,228,12,33,590,459,98,116
2017,W92616,Hywel Dda,,Taf / Teifi / Tywi,"3,134",129,51,36,173,28,37,552,264,91,87
2017,W96004,Powys,,Mid Powys,"4,644",210,107,14,278,25,54,851,326,113,97
2017,W96006,Powys,,Mid Powys,"3,263",143,114,55,229,31,65,624,339,108,83
2017,W96007,Powys,,Mid Powys,"7,602",308,196,38,450,48,102,"1,285",463,176,199
2017,W96013,Powys,,Mid Powys,"10,252",499,311,106,744,88,192,"1,848","1,216",324,298
2017,W96438,Powys,,Mid Powys,"3,508",156,89,16,225,26,51,806,339,85,115
2017,W96001,Powys,,North Powys,"7,143",328,137,44,466,48,84,"1,104",527,189,167
2017,W96005,Powys,,North Powys,"8,673",344,128,26,555,61,115,"1,342",793,196,192
2017,W96009,Powys,,North Powys,"5,613",253,92,29,344,26,56,"1,182",751,138,127
2017,W96010,Powys,,North Powys,"11,030",396,201,77,653,77,84,"1,433","1,166",251,233
2017,W96011,Powys,,North Powys,"3,036",113,81,14,226,18,65,588,211,79,83
2017,W96012,Powys,,North Powys,"10,716",452,234,76,602,57,90,"1,795",845,285,259
2017,W96014,Powys,,North Powys,"3,736",163,138,27,273,23,74,738,491,82,106
2017,W96015,Powys,,North Powys,"14,300",474,292,65,749,120,72,"1,941","1,519",259,213
2017,W96002,Powys,,South Powys,"12,083",548,447,152,907,80,176,"2,443","1,825",356,290
2017,W96003,Powys,,South Powys,"15,682",530,370,136,983,88,186,"2,911","1,133",372,426
2017,W96016,Powys,,South Powys,"9,458",422,115,101,541,60,128,"1,634",747,280,317
2017,W96017,Powys,,South Powys,"8,347",304,155,60,435,60,119,"1,535",948,186,230
