year,lhb,GPCluster,PracticeID,npat,npat_male,npat_fem,nm_0_4,nm_5_14,nm_15_44,nm_45_64,nm_65_74,nm_75_84,nm_85,nf_0_4,nf_5_14,nf_15_44,nf_45_64,nf_65_74,nf_75_84,nf_85
2017,Abertawe Bro Morgannwg University LHB,Afan,W00141,"4,351","2,233","2,118",108,252,860,668,218,103,24,127,227,806,568,204,118,68
2017,Abertawe Bro Morgannwg University LHB,Afan,W98017,"2,749","1,397","1,352",76,129,508,378,184,107,15,77,149,434,350,189,108,45
2017,Abertawe Bro Morgannwg University LHB,Afan,W98019,"5,796","2,876","2,920",158,352,"1,018",818,333,159,38,153,320,"1,017",835,344,164,87
2017,Abertawe Bro Morgannwg University LHB,Afan,W98031,"10,880","5,320","5,560",296,615,"1,893","1,481",592,333,110,281,577,"1,976","1,488",609,419,210
2017,Abertawe Bro Morgannwg University LHB,Afan,W98032,"8,873","4,441","4,432",228,493,"1,681","1,188",469,278,104,212,493,"1,561","1,221",488,317,140
2017,Abertawe Bro Morgannwg University LHB,Afan,W98035,"9,249","4,486","4,763",273,509,"1,626","1,210",485,283,100,245,504,"1,636","1,252",545,394,187
2017,Abertawe Bro Morgannwg University LHB,Afan,W98041,"6,792","3,423","3,369",217,444,"1,342",931,251,171,67,211,431,"1,310",857,280,171,109
2017,Abertawe Bro Morgannwg University LHB,Afan,W98627,"2,248","1,165","1,083",60,108,417,342,137,76,25,57,108,362,318,126,79,33
2017,Hywel Dda University LHB,Amman/Gwendraeth,W00142,"7,789","3,931","3,858",200,461,"1,356","1,114",486,239,75,209,385,"1,255","1,104",504,275,126
2017,Hywel Dda University LHB,Amman/Gwendraeth,W92003,"7,846","3,821","4,025",206,447,"1,158","1,090",567,276,77,163,454,"1,207","1,170",582,312,137
2017,Hywel Dda University LHB,Amman/Gwendraeth,W92013,"4,262","2,146","2,116",126,250,729,638,248,126,29,111,224,740,613,231,150,47
2017,Hywel Dda University LHB,Amman/Gwendraeth,W92035,"7,174","3,540","3,634",201,356,"1,127","1,011",498,260,87,182,333,"1,113","1,037",509,332,128
2017,Hywel Dda University LHB,Amman/Gwendraeth,W92036,"10,241","4,994","5,247",281,598,"1,625","1,352",679,354,105,245,582,"1,680","1,398",723,402,217
2017,Hywel Dda University LHB,Amman/Gwendraeth,W92040,"8,990","4,481","4,509",224,555,"1,559","1,241",512,288,102,201,460,"1,506","1,260",562,345,175
2017,Hywel Dda University LHB,Amman/Gwendraeth,W92046,"4,280","2,132","2,148",118,235,687,615,276,151,50,105,225,659,624,275,160,100
2017,Hywel Dda University LHB,Amman/Gwendraeth,W92051,"8,354","4,084","4,270",224,492,"1,367","1,125",500,297,79,242,480,"1,472","1,097",534,308,137
2017,Betsi Cadwaladr University LHB,Anglesey,W94002,"10,061","5,025","5,036",222,515,"1,536","1,483",794,377,98,243,509,"1,417","1,481",802,413,171
2017,Betsi Cadwaladr University LHB,Anglesey,W94006,"4,730","2,359","2,371",133,236,719,754,309,153,55,127,212,710,693,315,202,112
2017,Betsi Cadwaladr University LHB,Anglesey,W94009,"4,665","2,271","2,394",72,202,627,656,386,246,82,90,185,596,682,449,274,118
2017,Betsi Cadwaladr University LHB,Anglesey,W94014,"4,662","2,285","2,377",112,286,786,620,294,159,28,139,267,793,605,279,197,97
2017,Betsi Cadwaladr University LHB,Anglesey,W94015,"8,235","4,007","4,228",206,460,"1,240","1,133",549,307,112,203,413,"1,228","1,183",615,382,204
2017,Betsi Cadwaladr University LHB,Anglesey,W94023,"7,193","3,562","3,631",160,354,"1,046",962,583,343,114,143,321,"1,000",986,637,364,180
2017,Betsi Cadwaladr University LHB,Anglesey,W94026,"5,240","2,661","2,579",134,333,976,708,276,169,65,168,297,848,677,326,163,100
2017,Betsi Cadwaladr University LHB,Anglesey,W94029,"6,952","3,453","3,499",226,432,"1,143",976,395,212,69,181,399,"1,151",952,424,270,122
2017,Betsi Cadwaladr University LHB,Anglesey,W94038,"10,236","5,083","5,153",319,602,"1,753","1,373",640,318,78,272,608,"1,774","1,337",683,326,153
2017,Betsi Cadwaladr University LHB,Anglesey,W94043,"2,269","1,159","1,110",48,121,397,354,154,61,24,74,118,356,309,134,87,32
2017,Betsi Cadwaladr University LHB,Anglesey,W94633,"1,302",672,630,27,70,208,221,83,51,12,37,66,199,191,75,44,18
2017,Betsi Cadwaladr University LHB,Arfon,W94010,"10,967","5,647","5,320",165,394,"3,666",979,241,141,61,134,353,"3,472",805,290,173,93
2017,Betsi Cadwaladr University LHB,Arfon,W94017,"5,929","2,997","2,932",150,339,"1,059",898,355,159,37,134,320,"1,035",772,348,198,125
2017,Betsi Cadwaladr University LHB,Arfon,W94027,"5,885","2,982","2,903",167,355,"1,096",824,333,158,49,139,303,"1,055",773,349,196,88
2017,Betsi Cadwaladr University LHB,Arfon,W94028,"6,268","3,161","3,107",205,399,"1,191",896,298,131,41,200,388,"1,129",828,319,166,77
2017,Betsi Cadwaladr University LHB,Arfon,W94030,"13,090","6,456","6,634",415,864,"2,333","1,673",694,353,124,377,787,"2,373","1,712",692,450,243
2017,Betsi Cadwaladr University LHB,Arfon,W94033,"2,473","1,231","1,242",75,146,395,359,164,73,19,63,126,427,342,149,99,36
2017,Betsi Cadwaladr University LHB,Arfon,W94034,"8,892","4,487","4,405",273,575,"1,896","1,116",353,209,65,264,540,"1,837",988,378,248,150
2017,Betsi Cadwaladr University LHB,Arfon,W94039,"5,569","2,725","2,844",172,352,967,735,307,144,48,147,358,988,777,315,173,86
2017,Betsi Cadwaladr University LHB,Arfon,W94040,"3,609","1,855","1,754",104,210,775,492,164,87,23,106,197,654,456,173,106,62
2017,Betsi Cadwaladr University LHB,Arfon,W94609,"2,836","1,467","1,369",67,140,472,431,226,99,32,57,136,384,391,227,114,60
2017,Abertawe Bro Morgannwg University LHB,BayHealth,W98016,"8,860","4,318","4,542",226,496,"1,454","1,156",488,351,147,203,500,"1,458","1,156",615,412,198
2017,Abertawe Bro Morgannwg University LHB,BayHealth,W98021,"21,546","10,689","10,857",545,"1,227","3,749","2,896","1,246",748,278,459,"1,131","3,525","2,906","1,383",967,486
2017,Abertawe Bro Morgannwg University LHB,BayHealth,W98023,"7,454","3,961","3,493",186,324,"1,528","1,300",365,200,58,141,324,"1,380",946,351,237,114
2017,Abertawe Bro Morgannwg University LHB,BayHealth,W98033,"7,691","3,817","3,874",139,369,"1,034","1,087",606,402,180,130,304,969,"1,091",590,492,298
2017,Abertawe Bro Morgannwg University LHB,BayHealth,W98045,"6,422","3,205","3,217",89,362,873,953,503,312,113,91,332,779,959,539,363,154
2017,Abertawe Bro Morgannwg University LHB,BayHealth,W98049,"9,239","4,617","4,622",244,546,"1,615","1,256",526,295,135,228,456,"1,520","1,232",577,375,234
2017,Abertawe Bro Morgannwg University LHB,BayHealth,W98053,"9,351","5,624","3,727",,,"5,547",65,8,3,1,,,"3,679",38,5,5,
2017,Abertawe Bro Morgannwg University LHB,BayHealth,W98055,"3,728","1,749","1,979",61,201,556,508,204,161,58,68,180,523,584,278,234,112
2017,Aneurin Bevan University LHB,Blaenau Gwent East,W93007,"4,712","2,295","2,417",130,252,886,623,247,118,39,118,246,838,724,248,166,77
2017,Aneurin Bevan University LHB,Blaenau Gwent East,W93009,"5,026","2,612","2,414",122,303,991,752,270,140,34,143,270,901,660,230,164,46
2017,Aneurin Bevan University LHB,Blaenau Gwent East,W93068,"10,270","5,155","5,115",257,573,"1,853","1,502",571,305,94,270,535,"1,755","1,473",564,343,175
2017,Aneurin Bevan University LHB,Blaenau Gwent East,W93075,"7,860","4,046","3,814",225,436,"1,473","1,126",426,298,62,201,395,"1,400",997,462,254,105
2017,Aneurin Bevan University LHB,Blaenau Gwent East,W93115,"6,270","3,138","3,132",154,320,"1,164",925,371,165,39,166,346,"1,132",862,341,212,73
2017,Aneurin Bevan University LHB,Blaenau Gwent West,W93032,"8,551","4,137","4,414",236,455,"1,481","1,182",474,260,49,212,445,"1,567","1,235",568,295,92
2017,Aneurin Bevan University LHB,Blaenau Gwent West,W93035,"7,011","3,446","3,565",188,407,"1,341",929,368,175,38,197,384,"1,360",956,365,218,85
2017,Aneurin Bevan University LHB,Blaenau Gwent West,W93063,"5,538","2,704","2,834",150,254,957,782,358,155,48,136,257,965,773,361,245,97
2017,Aneurin Bevan University LHB,Blaenau Gwent West,W93065,"6,697","3,375","3,322",155,346,"1,284",953,370,212,55,181,350,"1,208",897,355,228,103
2017,Aneurin Bevan University LHB,Blaenau Gwent West,W93619,"3,462","1,770","1,692",106,192,656,480,181,118,37,70,187,624,455,190,127,39
2017,Aneurin Bevan University LHB,Blaenau Gwent West,W93623,"6,883","3,365","3,518",176,396,"1,293",925,355,180,40,195,391,"1,315",953,355,216,93
2017,Abertawe Bro Morgannwg University LHB,Bridgend East Network,W95010,"18,030","8,899","9,131",570,"1,132","3,297","2,321",864,552,163,499,"1,038","3,409","2,366",917,666,236
2017,Abertawe Bro Morgannwg University LHB,Bridgend East Network,W95017,"7,562","3,839","3,723",223,430,"1,374","1,070",453,240,49,219,430,"1,284","1,001",466,237,86
2017,Abertawe Bro Morgannwg University LHB,Bridgend East Network,W95018,"11,849","5,896","5,953",341,737,"2,282","1,546",648,266,76,346,731,"2,156","1,606",693,309,112
2017,Abertawe Bro Morgannwg University LHB,Bridgend East Network,W95035,"19,006","9,357","9,649",517,"1,073","3,586","2,602",976,472,131,508,992,"3,525","2,658","1,091",615,260
2017,Abertawe Bro Morgannwg University LHB,Bridgend East Network,W95069,"5,421","2,692","2,729",164,371,"1,021",768,213,120,35,150,352,988,778,231,172,58
2017,Abertawe Bro Morgannwg University LHB,Bridgend East Network,W95070,"9,194","4,535","4,659",235,518,"1,638","1,297",515,235,97,216,504,"1,694","1,308",469,315,153
2017,Abertawe Bro Morgannwg University LHB,Bridgend North Network,W95009,"9,379","4,728","4,651",226,578,"1,652","1,313",548,323,88,218,528,"1,572","1,277",577,367,112
2017,Abertawe Bro Morgannwg University LHB,Bridgend North Network,W95012,"6,509","3,295","3,214",198,423,"1,249",876,343,172,34,169,379,"1,179",842,371,198,76
2017,Abertawe Bro Morgannwg University LHB,Bridgend North Network,W95031,"7,578","3,782","3,796",232,475,"1,458","1,021",360,184,52,243,479,"1,364","1,020",385,233,72
2017,Abertawe Bro Morgannwg University LHB,Bridgend North Network,W95037,"10,299","5,082","5,217",315,597,"1,859","1,446",489,296,80,266,553,"1,953","1,377",549,372,147
2017,Abertawe Bro Morgannwg University LHB,Bridgend North Network,W95064,"5,970","2,941","3,029",165,324,999,875,361,166,51,153,322,"1,013",840,382,209,110
2017,Abertawe Bro Morgannwg University LHB,Bridgend North Network,W95067,"4,354","2,162","2,192",145,259,775,603,248,105,27,121,253,774,607,245,129,63
2017,Abertawe Bro Morgannwg University LHB,Bridgend North Network,W95079,"4,373","2,199","2,174",108,264,804,713,192,97,21,130,237,807,657,203,101,39
2017,Abertawe Bro Morgannwg University LHB,Bridgend North Network,W95645,"3,086","1,561","1,525",82,151,579,440,182,102,25,77,171,545,395,165,120,52
2017,Abertawe Bro Morgannwg University LHB,Bridgend West Network,W95034,"10,862","5,339","5,523",296,688,"1,960","1,418",567,309,101,292,621,"1,949","1,475",652,376,158
2017,Abertawe Bro Morgannwg University LHB,Bridgend West Network,W95041,"15,217","7,375","7,842",272,701,"2,025","2,253","1,155",703,266,234,628,"2,029","2,347","1,241",877,486
2017,Abertawe Bro Morgannwg University LHB,Bridgend West Network,W95063,"8,291","4,172","4,119",254,556,"1,560","1,129",393,206,74,257,501,"1,464","1,092",441,251,113
2017,Aneurin Bevan University LHB,Caerphilly East,W93001,"7,145","3,575","3,570",221,467,"1,334",956,369,180,48,185,396,"1,348",957,385,220,79
2017,Aneurin Bevan University LHB,Caerphilly East,W93011,"11,690","5,670","6,020",319,741,"2,080","1,513",623,313,81,327,715,"2,186","1,593",691,358,150
2017,Aneurin Bevan University LHB,Caerphilly East,W93012,"5,750","2,898","2,852",166,393,"1,032",774,320,165,48,138,320,"1,019",725,362,180,108
2017,Aneurin Bevan University LHB,Caerphilly East,W93014,"4,940","2,433","2,507",124,243,890,699,283,161,33,115,301,891,679,288,176,57
2017,Aneurin Bevan University LHB,Caerphilly East,W93059,"8,355","4,038","4,317",250,544,"1,529","1,121",363,185,46,274,525,"1,659","1,096",435,241,87
2017,Aneurin Bevan University LHB,Caerphilly East,W93064,"14,209","7,183","7,026",333,746,"2,598","2,157",786,424,139,326,754,"2,435","2,006",789,504,212
2017,Aneurin Bevan University LHB,Caerphilly East,W93067,"9,294","4,677","4,617",265,560,"1,732","1,266",526,245,83,235,499,"1,661","1,247",541,275,159
2017,Aneurin Bevan University LHB,Caerphilly North,W93010,"2,596","1,298","1,298",84,181,468,350,140,60,15,86,161,485,326,133,79,28
2017,Aneurin Bevan University LHB,Caerphilly North,W93614,"2,452","1,272","1,180",55,125,463,379,146,79,25,51,126,395,357,129,89,33
2017,Aneurin Bevan University LHB,Caerphilly North,W93642,"2,028","1,014","1,014",50,97,353,280,130,83,21,45,92,365,287,121,72,32
2017,Aneurin Bevan University LHB,Caerphilly North,W95013,"5,865","3,001","2,864",131,303,"1,132",867,340,189,39,140,285,997,804,362,216,60
2017,Aneurin Bevan University LHB,Caerphilly North,W95043,"5,635","2,839","2,796",146,301,"1,010",769,389,173,51,119,244,917,813,381,226,96
2017,Aneurin Bevan University LHB,Caerphilly North,W95050,"7,545","3,711","3,834",283,478,"1,500",915,328,175,32,300,397,"1,567",964,341,208,57
2017,Aneurin Bevan University LHB,Caerphilly North,W95065,"13,082","6,450","6,632",380,786,"2,405","1,722",693,350,114,364,782,"2,340","1,795",775,423,153
2017,Aneurin Bevan University LHB,Caerphilly North,W95068,"10,227","5,061","5,166",249,612,"1,949","1,405",554,248,44,287,584,"1,875","1,456",572,273,119
2017,Aneurin Bevan University LHB,Caerphilly North,W95078,"2,569","1,398","1,171",62,160,553,434,122,60,7,58,124,442,372,101,60,14
2017,Aneurin Bevan University LHB,Caerphilly North,W95081,"12,538","6,280","6,258",348,735,"2,477","1,667",649,344,60,324,736,"2,306","1,661",642,436,153
2017,Aneurin Bevan University LHB,Caerphilly South,W00005,"7,967","4,122","3,845",214,503,"1,535","1,166",426,216,62,219,450,"1,442","1,038",375,246,75
2017,Aneurin Bevan University LHB,Caerphilly South,W95008,"10,410","5,137","5,273",299,616,"1,857","1,361",614,300,90,276,597,"1,832","1,394",628,402,144
2017,Aneurin Bevan University LHB,Caerphilly South,W95046,"12,631","6,255","6,376",325,699,"2,187","1,753",718,438,135,291,644,"2,124","1,747",843,527,200
2017,Aneurin Bevan University LHB,Caerphilly South,W95049,"8,580","4,325","4,255",302,531,"1,741","1,167",355,179,50,306,497,"1,732","1,068",375,198,79
2017,Aneurin Bevan University LHB,Caerphilly South,W95059,"9,828","4,815","5,013",290,652,"1,800","1,328",445,223,77,266,589,"1,861","1,364",503,302,128
2017,Aneurin Bevan University LHB,Caerphilly South,W95073,"2,957","1,446","1,511",98,180,584,385,140,46,13,95,156,595,431,148,70,16
2017,Aneurin Bevan University LHB,Caerphilly South,W95636,"4,074","2,062","2,012",121,276,870,512,183,86,14,109,282,803,492,202,95,29
2017,Cardiff and Vale University LHB,Cardiff East,W97006,"18,418","9,282","9,136",585,"1,144","4,361","2,222",640,252,78,509,"1,156","4,038","2,289",671,341,132
2017,Cardiff and Vale University LHB,Cardiff East,W97008,"8,661","4,231","4,430",211,599,"2,036",880,318,142,45,253,550,"2,170",826,370,182,79
2017,Cardiff and Vale University LHB,Cardiff East,W97027,"15,530","7,631","7,899",480,"1,000","3,003","1,926",706,384,132,493,937,"2,945","2,025",798,489,212
2017,Cardiff and Vale University LHB,Cardiff East,W97049,"10,017","4,945","5,072",339,769,"1,914","1,271",355,190,107,299,706,"2,011","1,249",326,263,218
2017,Cardiff and Vale University LHB,Cardiff East,W97069,"4,939","2,369","2,570",190,427,"1,032",516,119,61,24,190,412,"1,126",579,127,67,69
2017,Cardiff and Vale University LHB,Cardiff North,W97010,"9,686","4,768","4,918",301,571,"1,730","1,277",515,268,106,246,546,"1,794","1,256",591,320,165
2017,Cardiff and Vale University LHB,Cardiff North,W97013,"8,773","4,246","4,527",231,461,"1,518","1,152",494,251,139,202,432,"1,396","1,270",564,366,297
2017,Cardiff and Vale University LHB,Cardiff North,W97015,"15,034","7,271","7,763",378,832,"2,603","2,018",786,469,185,398,875,"2,652","2,122",863,587,266
2017,Cardiff and Vale University LHB,Cardiff North,W97021,"9,971","4,861","5,110",326,599,"1,857","1,236",446,260,137,320,653,"1,860","1,195",483,378,221
2017,Cardiff and Vale University LHB,Cardiff North,W97022,"8,162","4,038","4,124",182,471,"1,970",920,309,136,50,191,423,"1,964",901,345,200,100
2017,Cardiff and Vale University LHB,Cardiff North,W97025,"7,416","3,774","3,642",122,228,"2,359",726,191,105,43,115,243,"2,247",624,194,127,92
2017,Cardiff and Vale University LHB,Cardiff North,W97033,"10,795","5,480","5,315",287,527,"2,453","1,461",444,209,99,279,535,"2,198","1,301",467,316,219
2017,Cardiff and Vale University LHB,Cardiff North,W97034,"11,924","5,666","6,258",267,527,"3,428",929,301,159,55,267,500,"3,808",994,339,215,135
2017,Cardiff and Vale University LHB,Cardiff North,W97041,"7,813","3,803","4,010",215,356,"2,001",792,251,144,44,212,325,"2,220",760,252,157,84
2017,Cardiff and Vale University LHB,Cardiff North,W97053,"7,293","3,702","3,591",183,376,"1,681",879,325,176,82,139,352,"1,560",839,321,218,162
2017,Cardiff and Vale University LHB,Cardiff North,W97065,"10,252","4,999","5,253",404,938,"2,154","1,087",279,95,42,399,834,"2,430","1,115",319,106,50
2017,Cardiff and Vale University LHB,Cardiff South East,W00100,414,325,89,4,7,35,275,4,0,0,6,7,64,11,1,0,0
2017,Cardiff and Vale University LHB,Cardiff South East,W97002,"6,443","3,459","2,984",167,340,"1,712",879,199,112,50,143,325,"1,444",707,173,129,63
2017,Cardiff and Vale University LHB,Cardiff South East,W97007,"7,601","3,871","3,730",289,528,"1,754",887,252,124,37,307,478,"1,681",830,202,171,61
2017,Cardiff and Vale University LHB,Cardiff South East,W97009,"6,130","2,906","3,224",66,144,"2,312",283,49,34,18,97,133,"2,648",199,51,53,43
2017,Cardiff and Vale University LHB,Cardiff South East,W97014,"6,940","3,703","3,237",159,244,"2,437",582,158,92,31,175,262,"2,065",410,154,120,51
2017,Cardiff and Vale University LHB,Cardiff South East,W97020,"7,575","3,970","3,605",87,229,"2,568",655,240,131,60,99,196,"2,219",542,224,194,131
2017,Cardiff and Vale University LHB,Cardiff South East,W97048,"12,039","6,286","5,753",391,677,"3,264","1,414",326,168,46,402,631,"2,957","1,220",301,169,73
2017,Cardiff and Vale University LHB,Cardiff South East,W97056,"6,107","3,478","2,629",13,19,"3,087",238,64,49,8,14,13,"2,414",84,42,44,18
2017,Cardiff and Vale University LHB,Cardiff South East,W97060,"8,041","4,407","3,634",226,412,"2,304","1,006",269,143,47,212,356,"1,831",754,241,171,69
2017,Cardiff and Vale University LHB,Cardiff South West,W97005,"4,233","2,304","1,929",100,174,953,696,193,131,57,104,196,769,482,174,128,76
2017,Cardiff and Vale University LHB,Cardiff South West,W97016,"3,854","2,120","1,734",93,211,831,632,182,127,44,75,191,652,446,209,110,51
2017,Cardiff and Vale University LHB,Cardiff South West,W97017,"8,188","3,994","4,194",338,648,"1,581",867,306,196,58,300,634,"1,676",942,327,235,80
2017,Cardiff and Vale University LHB,Cardiff South West,W97018,"4,708","2,660","2,048",121,250,"1,641",539,60,43,6,122,258,"1,298",271,64,28,7
2017,Cardiff and Vale University LHB,Cardiff South West,W97023,"7,582","3,710","3,872",242,502,"1,358",986,372,189,61,225,498,"1,457",954,402,252,84
2017,Cardiff and Vale University LHB,Cardiff South West,W97031,"6,023","3,008","3,015",170,371,"1,236",825,221,125,60,181,375,"1,162",773,234,187,103
2017,Cardiff and Vale University LHB,Cardiff South West,W97040,"13,071","6,441","6,630",444,983,"2,641","1,554",493,255,71,439,933,"2,645","1,598",550,331,134
2017,Cardiff and Vale University LHB,Cardiff South West,W97067,"4,800","2,462","2,338",126,205,"1,287",617,159,45,23,153,207,"1,290",466,113,60,49
2017,Cardiff and Vale University LHB,Cardiff South West,W97068,"3,121","1,684","1,437",90,193,677,473,150,76,25,103,204,545,358,101,80,46
2017,Cardiff and Vale University LHB,Cardiff South West,W97296,"7,850","3,854","3,996",257,496,"1,811",999,188,84,19,271,461,"1,922",951,208,113,70
2017,Cardiff and Vale University LHB,Cardiff South West,W97623,"2,569","1,299","1,270",101,230,587,285,69,24,3,94,216,563,283,68,35,11
2017,Cardiff and Vale University LHB,Cardiff West,W97024,"8,620","4,184","4,436",225,558,"1,493","1,102",515,216,75,239,556,"1,505","1,169",572,261,134
2017,Cardiff and Vale University LHB,Cardiff West,W97028,"7,128","3,490","3,638",195,443,"1,209","1,044",347,184,68,170,416,"1,196","1,038",378,287,153
2017,Cardiff and Vale University LHB,Cardiff West,W97036,"6,012","2,939","3,073",166,301,"1,162",882,266,126,36,165,335,"1,156",877,295,161,84
2017,Cardiff and Vale University LHB,Cardiff West,W97047,"9,009","4,258","4,751",293,574,"1,458","1,121",432,281,99,292,538,"1,623","1,170",523,405,200
2017,Cardiff and Vale University LHB,Cardiff West,W97059,"4,321","2,217","2,104",116,244,839,639,226,102,51,100,227,714,631,243,120,69
2017,Cardiff and Vale University LHB,Cardiff West,W97286,"5,363","2,588","2,775",163,326,"1,121",646,198,102,32,142,297,"1,252",657,225,137,65
2017,Cardiff and Vale University LHB,Cardiff West,W97294,"5,887","2,881","3,006",202,343,"1,120",767,252,131,66,148,308,"1,131",859,276,186,98
2017,Cardiff and Vale University LHB,Cardiff West,W97619,"6,630","3,283","3,347",174,345,"1,324",951,295,135,59,186,349,"1,278",916,302,217,99
2017,Betsi Cadwaladr University LHB,Central & South Denbighshire,W91002,"10,285","5,122","5,163",253,585,"1,603","1,502",681,352,146,204,530,"1,585","1,531",686,406,221
2017,Betsi Cadwaladr University LHB,Central & South Denbighshire,W91023,"5,316","2,618","2,698",117,252,855,793,365,191,45,107,261,791,848,389,215,87
2017,Betsi Cadwaladr University LHB,Central & South Denbighshire,W91027,"5,131","2,567","2,564",136,304,888,747,275,170,47,102,274,841,782,304,187,74
2017,Betsi Cadwaladr University LHB,Central & South Denbighshire,W91033,"9,048","4,467","4,581",210,452,"1,457","1,267",665,308,108,199,471,"1,356","1,312",664,384,195
2017,Betsi Cadwaladr University LHB,Central & South Denbighshire,W91034,"2,830","1,404","1,426",61,143,427,436,205,96,36,58,164,441,394,206,103,60
2017,Betsi Cadwaladr University LHB,Central & South Denbighshire,W91047,"4,013","1,999","2,014",102,188,635,616,275,136,47,103,198,621,607,282,136,67
2017,Betsi Cadwaladr University LHB,Central & South Denbighshire,W91057,"3,453","1,699","1,754",84,204,580,485,198,104,44,90,192,541,525,209,133,64
2017,Betsi Cadwaladr University LHB,Central & South Denbighshire,W91624,"1,888","1,057",831,54,100,359,342,125,59,18,32,84,279,254,105,58,19
2017,Cardiff and Vale University LHB,Central Vale,W97001,"13,922","6,911","7,011",399,901,"2,581","1,880",672,355,123,408,873,"2,576","1,847",690,422,195
2017,Cardiff and Vale University LHB,Central Vale,W97032,"12,188","6,049","6,139",394,693,"2,431","1,633",555,249,94,388,724,"2,346","1,594",593,345,149
2017,Cardiff and Vale University LHB,Central Vale,W97046,"11,819","6,082","5,737",319,691,"2,248","1,784",587,351,102,314,648,"2,031","1,546",602,393,203
2017,Cardiff and Vale University LHB,Central Vale,W97058,"7,171","3,522","3,649",219,466,"1,391",871,336,178,61,198,406,"1,339",940,388,252,126
2017,Cardiff and Vale University LHB,Central Vale,W97062,"3,465","1,747","1,718",72,238,511,526,252,101,47,67,195,537,500,217,137,65
2017,Cardiff and Vale University LHB,Central Vale,W97064,"7,459","3,672","3,787",211,414,"1,421",972,378,210,66,192,420,"1,375","1,061",409,224,106
2017,Cardiff and Vale University LHB,Central Vale,W97611,"7,363","3,475","3,888",246,521,"1,443",849,272,116,28,280,453,"1,628","1,002",318,151,56
2017,Betsi Cadwaladr University LHB,Central Wrexham,W91004,"13,291","6,576","6,715",317,710,"2,427","1,796",750,437,139,296,682,"2,186","1,876",819,562,294
2017,Betsi Cadwaladr University LHB,Central Wrexham,W91022,"13,559","6,878","6,681",442,759,"2,901","1,700",641,327,108,400,721,"2,743","1,588",682,377,170
2017,Betsi Cadwaladr University LHB,Central Wrexham,W91030,"6,362","3,114","3,248",183,360,"1,315",836,236,144,40,185,375,"1,176",852,339,221,100
2017,Betsi Cadwaladr University LHB,Central Wrexham,W91042,"3,295","1,700","1,595",121,203,695,442,158,59,22,111,184,621,429,127,93,30
2017,Betsi Cadwaladr University LHB,Central Wrexham,W91054,"5,662","2,798","2,864",187,369,995,813,251,148,35,145,370,"1,012",782,297,172,86
2017,Betsi Cadwaladr University LHB,Central Wrexham,W91058,"5,305","2,738","2,567",134,306,"1,035",774,278,159,52,157,310,972,637,245,183,63
2017,Betsi Cadwaladr University LHB,Central Wrexham,W91629,"4,000","2,012","1,988",180,339,922,393,82,60,36,187,303,915,378,75,56,74
2017,Cardiff and Vale University LHB,City & Cardiff South,W97029,"5,094","2,721","2,373",179,268,"1,428",618,126,84,18,165,232,"1,292",444,133,71,36
2017,Cardiff and Vale University LHB,City & Cardiff South,W97044,"7,102","3,949","3,153",258,477,"2,002",848,195,120,49,255,489,"1,673",468,129,91,48
2017,Cardiff and Vale University LHB,City & Cardiff South,W97061,"8,284","4,324","3,960",310,475,"2,060","1,032",271,137,39,261,477,"1,893",828,252,181,68
2017,Cardiff and Vale University LHB,City & Cardiff South,W97063,"3,349","1,913","1,436",88,207,861,515,141,76,25,85,170,659,335,96,60,31
2017,Cardiff and Vale University LHB,City & Cardiff South,W97291,"7,856","4,330","3,526",241,296,"2,956",642,128,48,19,248,276,"2,466",378,87,57,14
2017,Cardiff and Vale University LHB,City & Cardiff South,W97299,"4,466","2,254","2,212",173,395,"1,127",415,73,56,15,173,372,"1,049",410,103,75,30
2017,Cardiff and Vale University LHB,City & Cardiff South,W97616,"2,883","1,644","1,239",111,222,806,315,66,90,34,76,204,635,188,57,54,25
2017,Abertawe Bro Morgannwg University LHB,CityHealth,W98015,"4,892","2,581","2,311",186,353,"1,197",609,154,67,15,165,309,"1,052",532,130,99,24
2017,Abertawe Bro Morgannwg University LHB,CityHealth,W98020,"4,498","2,327","2,171",71,220,815,734,283,149,55,64,198,672,663,281,200,93
2017,Abertawe Bro Morgannwg University LHB,CityHealth,W98024,"6,247","3,223","3,024",128,277,"1,239",875,392,227,85,141,236,"1,009",758,391,303,186
2017,Abertawe Bro Morgannwg University LHB,CityHealth,W98027,"10,381","5,486","4,895",287,504,"2,797","1,269",381,194,54,262,435,"2,255","1,124",460,258,101
2017,Abertawe Bro Morgannwg University LHB,CityHealth,W98039,"4,245","2,362","1,883",145,271,"1,001",644,187,84,30,113,213,791,489,164,86,27
2017,Abertawe Bro Morgannwg University LHB,CityHealth,W98056,"5,157","2,582","2,575",170,311,"1,105",639,203,105,49,148,292,"1,067",633,198,128,109
2017,Abertawe Bro Morgannwg University LHB,CityHealth,W98057,"7,585","3,973","3,612",232,436,"2,064",850,212,124,55,213,440,"1,660",800,233,158,108
2017,Abertawe Bro Morgannwg University LHB,CityHealth,W98608,"7,155","4,139","3,016",155,370,"1,900","1,137",328,186,63,134,314,"1,255",787,256,173,97
2017,Abertawe Bro Morgannwg University LHB,CityHealth,W98610,"1,657",861,796,34,83,329,265,94,39,17,33,76,285,227,87,63,25
2017,Betsi Cadwaladr University LHB,Conwy East,W91007,"11,682","5,776","5,906",292,690,"1,938","1,641",700,383,132,283,683,"1,866","1,644",722,495,213
2017,Betsi Cadwaladr University LHB,Conwy East,W91014,"7,010","3,450","3,560",151,376,"1,111",948,511,281,72,144,339,"1,027","1,040",580,301,129
2017,Betsi Cadwaladr University LHB,Conwy East,W91031,"9,145","4,404","4,741",218,579,"1,564","1,189",464,271,119,243,523,"1,537","1,295",521,366,256
2017,Betsi Cadwaladr University LHB,Conwy East,W91038,"15,550","7,627","7,923",375,740,"2,208","2,092","1,221",731,260,329,721,"2,244","2,185","1,262",824,358
2017,Betsi Cadwaladr University LHB,Conwy East,W91048,"8,707","4,289","4,418",207,443,"1,548","1,115",543,313,120,179,476,"1,351","1,176",560,399,277
2017,Betsi Cadwaladr University LHB,Conwy East,W91635,"1,572",847,725,37,90,245,269,122,62,22,35,83,231,191,87,64,34
2017,Betsi Cadwaladr University LHB,Conwy West,W00065,"2,284","1,163","1,121",51,114,368,370,148,82,30,58,107,339,342,137,90,48
2017,Betsi Cadwaladr University LHB,Conwy West,W94001,"9,058","4,361","4,697",234,454,"1,531","1,206",486,313,137,202,411,"1,519","1,232",574,461,298
2017,Betsi Cadwaladr University LHB,Conwy West,W94003,"7,611","3,779","3,832",182,416,"1,218","1,158",486,245,74,156,383,"1,250","1,103",492,302,146
2017,Betsi Cadwaladr University LHB,Conwy West,W94005,"2,599","1,326","1,273",73,124,412,435,183,79,20,51,131,384,413,179,91,24
2017,Betsi Cadwaladr University LHB,Conwy West,W94016,"3,608","1,716","1,892",81,148,551,505,278,111,42,73,171,578,606,261,139,64
2017,Betsi Cadwaladr University LHB,Conwy West,W94018,"6,033","2,950","3,083",107,256,819,808,465,360,135,98,233,709,829,530,431,253
2017,Betsi Cadwaladr University LHB,Conwy West,W94019,"11,256","5,550","5,706",253,570,"1,849","1,535",722,440,181,250,534,"1,740","1,507",815,533,327
2017,Betsi Cadwaladr University LHB,Conwy West,W94020,"1,779",922,857,55,93,299,276,117,62,20,36,95,275,234,110,39,68
2017,Betsi Cadwaladr University LHB,Conwy West,W94024,"5,457","2,689","2,768",135,270,889,790,347,199,59,151,283,866,739,366,239,124
2017,Betsi Cadwaladr University LHB,Conwy West,W94031,"6,779","3,300","3,479",147,304,"1,075","1,002",430,256,86,169,307,"1,039","1,047",457,311,149
2017,Betsi Cadwaladr University LHB,Conwy West,W94046,"4,372","2,137","2,235",120,257,702,593,278,152,35,117,248,739,645,279,153,54
2017,Betsi Cadwaladr University LHB,Conwy West,W94622,"2,565","1,299","1,266",45,121,445,379,190,93,26,48,119,371,399,175,117,37
2017,Abertawe Bro Morgannwg University LHB,Cwmtawe,W98005,"10,836","5,280","5,556",418,780,"2,036","1,305",438,237,66,357,712,"2,226","1,370",481,302,108
2017,Abertawe Bro Morgannwg University LHB,Cwmtawe,W98022,"10,862","5,381","5,481",314,661,"1,898","1,430",637,343,98,281,606,"1,910","1,500",675,352,157
2017,Abertawe Bro Morgannwg University LHB,Cwmtawe,W98026,"6,810","3,358","3,452",178,398,"1,221",892,385,215,69,170,386,"1,218",912,394,262,110
2017,Abertawe Bro Morgannwg University LHB,Cwmtawe,W98029,"7,721","3,880","3,841",184,433,"1,446","1,069",411,254,83,184,418,"1,273","1,070",463,310,123
2017,Abertawe Bro Morgannwg University LHB,Cwmtawe,W98044,"6,752","3,277","3,475",188,393,"1,290",874,320,159,53,155,368,"1,321",965,392,182,92
2017,Betsi Cadwaladr University LHB,Dwyfor,W94011,"7,661","3,745","3,916",211,419,"1,298",993,454,265,105,191,397,"1,300","1,007",452,315,254
2017,Betsi Cadwaladr University LHB,Dwyfor,W94021,"3,837","1,869","1,968",70,191,533,519,309,169,78,72,182,534,495,316,209,160
2017,Betsi Cadwaladr University LHB,Dwyfor,W94025,"5,230","2,621","2,609",89,272,831,746,407,198,78,94,249,700,773,416,251,126
2017,Betsi Cadwaladr University LHB,Dwyfor,W94037,"4,261","2,154","2,107",107,257,700,625,267,161,37,119,254,614,566,286,179,89
2017,Betsi Cadwaladr University LHB,Dwyfor,W94612,"3,939","1,961","1,978",100,195,619,540,297,163,47,75,195,606,515,317,176,94
2017,Cardiff and Vale University LHB,Eastern Vale,W97003,"7,252","3,450","3,802",203,426,"1,212",981,360,212,56,179,423,"1,236","1,103",399,274,188
2017,Cardiff and Vale University LHB,Eastern Vale,W97011,"8,743","4,284","4,459",204,520,"1,447","1,178",509,307,119,201,503,"1,389","1,244",532,382,208
2017,Cardiff and Vale University LHB,Eastern Vale,W97019,"5,191","2,519","2,672",123,276,890,703,312,154,61,126,292,846,713,339,221,135
2017,Cardiff and Vale University LHB,Eastern Vale,W97055,"9,355","4,535","4,820",219,501,"1,538","1,248",556,355,118,218,486,"1,531","1,297",652,419,217
2017,Cardiff and Vale University LHB,Eastern Vale,W97057,"6,211","3,091","3,120",156,337,"1,157",893,322,182,44,171,350,"1,137",800,329,210,123
2017,Hywel Dda University LHB,Llanelli,W00133,"7,797","3,723","4,074",207,474,"1,358",928,439,241,76,209,428,"1,409","1,086",497,269,176
2017,Hywel Dda University LHB,Llanelli,W00134,"10,183","5,025","5,158",345,686,"1,834","1,303",494,281,82,328,643,"1,876","1,279",547,301,184
2017,Hywel Dda University LHB,Llanelli,W92021,"7,630","3,771","3,859",189,419,"1,424","1,001",390,278,70,187,460,"1,361","1,005",442,281,123
2017,Hywel Dda University LHB,Llanelli,W92031,"6,131","2,992","3,139",149,349,942,800,422,241,89,130,355,908,875,474,270,127
2017,Hywel Dda University LHB,Llanelli,W92037,"9,256","4,580","4,676",259,604,"1,781","1,196",416,235,89,254,552,"1,636","1,256",492,336,150
2017,Hywel Dda University LHB,Llanelli,W92048,"4,721","2,364","2,357",100,274,808,697,260,165,60,101,246,798,660,284,199,69
2017,Hywel Dda University LHB,Llanelli,W92052,"14,630","7,284","7,346",408,837,"2,620","2,038",801,449,131,414,788,"2,536","2,018",809,526,255
2017,Abertawe Bro Morgannwg University LHB,Llwchwr,W98008,"8,427","4,074","4,353",244,540,"1,492","1,087",448,195,68,224,488,"1,567","1,181",505,251,137
2017,Abertawe Bro Morgannwg University LHB,Llwchwr,W98012,"14,039","6,888","7,151",324,774,"2,320","1,979",843,487,161,317,728,"2,306","2,030",934,574,262
2017,Abertawe Bro Morgannwg University LHB,Llwchwr,W98013,"8,885","4,316","4,569",244,554,"1,503","1,215",474,238,88,241,530,"1,578","1,264",487,312,157
2017,Abertawe Bro Morgannwg University LHB,Llwchwr,W98034,"11,016","5,402","5,614",345,632,"2,016","1,412",586,313,98,324,609,"2,027","1,430",646,425,153
2017,Abertawe Bro Morgannwg University LHB,Llwchwr,W98787,"4,810","2,409","2,401",125,332,884,630,285,121,32,100,296,907,618,278,138,64
2017,Betsi Cadwaladr University LHB,Meirionnydd,W94004,"4,764","2,404","2,360",136,311,820,657,272,165,43,118,290,787,625,272,184,84
2017,Betsi Cadwaladr University LHB,Meirionnydd,W94007,"5,473","2,663","2,810",98,230,704,789,459,276,107,113,240,618,799,481,350,209
2017,Betsi Cadwaladr University LHB,Meirionnydd,W94008,"4,559","2,269","2,290",85,223,633,658,376,222,72,88,199,585,635,401,256,126
2017,Betsi Cadwaladr University LHB,Meirionnydd,W94032,"7,388","3,582","3,806",145,340,"1,101","1,039",565,296,96,171,388,"1,097","1,109",528,352,161
2017,Betsi Cadwaladr University LHB,Meirionnydd,W94035,"4,584","2,334","2,250",127,287,818,664,239,152,47,113,252,748,619,272,151,95
2017,Betsi Cadwaladr University LHB,Meirionnydd,W94036,"4,656","2,359","2,297",112,209,723,690,388,172,65,94,183,610,719,348,214,129
2017,Powys Teaching LHB,Mid Powys,W96004,"4,660","2,377","2,283",102,221,769,672,317,225,71,82,199,650,662,364,236,90
2017,Powys Teaching LHB,Mid Powys,W96006,"3,265","1,649","1,616",88,141,455,468,278,156,63,65,130,428,474,257,159,103
2017,Powys Teaching LHB,Mid Powys,W96007,"7,598","3,821","3,777",157,373,"1,120","1,121",624,324,102,132,350,982,"1,158",637,347,171
2017,Powys Teaching LHB,Mid Powys,W96013,"10,299","5,175","5,124",262,541,"1,627","1,429",721,439,156,218,510,"1,489","1,445",762,450,250
2017,Powys Teaching LHB,Mid Powys,W96438,"3,544","1,744","1,800",72,165,449,522,305,170,61,69,148,454,563,311,171,84
2017,Aneurin Bevan University LHB,Monmouthshire North,W93004,"8,733","4,271","4,462",197,391,"1,335","1,268",629,356,95,161,389,"1,299","1,317",680,416,200
2017,Aneurin Bevan University LHB,Monmouthshire North,W93019,"4,488","2,240","2,248",83,254,609,724,348,172,50,100,235,565,769,328,170,81
2017,Aneurin Bevan University LHB,Monmouthshire North,W93033,"10,213","5,016","5,197",239,532,"1,620","1,499",647,360,119,201,508,"1,598","1,525",692,444,229
2017,Aneurin Bevan University LHB,Monmouthshire North,W93036,"13,496","6,818","6,678",276,749,"2,067","1,989",945,577,215,244,683,"1,793","2,014",994,592,358
2017,Aneurin Bevan University LHB,Monmouthshire North,W93037,"4,757","2,342","2,415",113,221,652,762,352,181,61,92,211,673,781,354,212,92
2017,Aneurin Bevan University LHB,Monmouthshire North,W93038,"2,759","1,383","1,376",52,119,388,445,222,123,34,35,126,355,433,239,136,52
2017,Aneurin Bevan University LHB,Monmouthshire North,W93072,"4,293","1,933","2,360",79,226,649,598,227,120,34,92,275,793,731,255,143,71
2017,Aneurin Bevan University LHB,Monmouthshire North,W93126,"3,599","1,839","1,760",114,218,572,568,205,130,32,86,183,579,485,226,137,64
2017,Aneurin Bevan University LHB,Monmouthshire South,W93020,"8,629","4,294","4,335",186,473,"1,422","1,326",507,290,90,191,445,"1,334","1,297",551,339,178
2017,Aneurin Bevan University LHB,Monmouthshire South,W93021,"8,339","4,138","4,201",234,514,"1,383","1,223",476,238,70,211,478,"1,395","1,220",500,261,136
2017,Aneurin Bevan University LHB,Monmouthshire South,W93022,"9,156","4,471","4,685",254,544,"1,501","1,273",526,284,89,233,530,"1,607","1,300",547,315,153
2017,Aneurin Bevan University LHB,Monmouthshire South,W93023,"19,475","9,828","9,647",490,"1,086","3,400","2,915","1,144",598,195,406,"1,017","3,101","2,875","1,163",754,331
2017,Aneurin Bevan University LHB,Monmouthshire South,W93643,"1,892",942,950,35,101,248,339,151,54,14,25,78,245,338,172,72,20
2017,Abertawe Bro Morgannwg University LHB,Neath,W00144,"5,586","2,849","2,737",154,323,"1,090",828,280,132,42,146,326,"1,029",764,252,160,60
2017,Abertawe Bro Morgannwg University LHB,Neath,W98002,"9,718","4,751","4,967",228,539,"1,607","1,429",559,310,79,226,522,"1,589","1,461",624,373,172
2017,Abertawe Bro Morgannwg University LHB,Neath,W98006,"10,689","5,159","5,530",248,632,"1,774","1,401",652,332,120,256,576,"1,817","1,504",750,393,234
2017,Abertawe Bro Morgannwg University LHB,Neath,W98010,"8,534","4,196","4,338",253,422,"1,538","1,131",477,276,99,259,442,"1,573","1,089",498,327,150
2017,Abertawe Bro Morgannwg University LHB,Neath,W98036,"8,329","4,093","4,236",187,450,"1,455","1,161",474,276,90,191,408,"1,436","1,162",519,345,175
2017,Abertawe Bro Morgannwg University LHB,Neath,W98040,"6,103","3,016","3,087",143,342,"1,075",816,377,193,70,137,299,"1,056",863,353,242,137
2017,Abertawe Bro Morgannwg University LHB,Neath,W98048,"5,045","2,495","2,550",141,286,990,715,227,99,37,130,288,926,703,286,142,75
2017,Abertawe Bro Morgannwg University LHB,Neath,W98785,"2,420","1,290","1,130",52,151,487,360,155,70,15,55,122,443,295,117,61,37
2017,Aneurin Bevan University LHB,Newport East,W93040,"6,093","3,220","2,873",205,386,"1,308",826,300,160,35,173,352,"1,171",740,238,145,54
2017,Aneurin Bevan University LHB,Newport East,W93044,"9,086","4,789","4,297",369,623,"2,111","1,111",298,217,60,354,579,"1,889",886,313,194,82
2017,Aneurin Bevan University LHB,Newport East,W93047,"6,678","3,297","3,381",243,392,"1,264",880,247,197,74,194,423,"1,220",872,272,286,114
2017,Aneurin Bevan University LHB,Newport East,W93052,"5,735","2,902","2,833",200,332,"1,189",767,216,147,51,174,328,"1,102",717,254,182,76
2017,Aneurin Bevan University LHB,Newport East,W93053,"13,554","6,769","6,785",449,864,"2,653","1,775",581,328,119,432,810,"2,588","1,750",581,399,225
2017,Aneurin Bevan University LHB,Newport East,W93125,"4,065","2,009","2,056",147,247,713,610,182,86,24,129,259,751,597,188,99,33
2017,Aneurin Bevan University LHB,Newport East,W93640,"4,372","2,174","2,198",157,303,866,520,179,126,23,155,262,880,498,208,150,45
2017,Aneurin Bevan University LHB,Newport North,W93018,"9,353","4,625","4,728",228,511,"1,492","1,449",569,289,87,200,462,"1,585","1,414",568,342,157
2017,Aneurin Bevan University LHB,Newport North,W93043,"6,208","3,075","3,133",157,288,"1,160",893,326,188,63,197,337,"1,071",836,345,231,116
2017,Aneurin Bevan University LHB,Newport North,W93045,"8,191","4,000","4,191",243,454,"1,485","1,066",441,240,71,217,438,"1,519","1,099",474,318,126
2017,Aneurin Bevan University LHB,Newport North,W93049,"11,958","5,897","6,061",357,720,"2,382","1,564",522,278,74,343,685,"2,325","1,585",593,359,171
2017,Aneurin Bevan University LHB,Newport North,W93051,"9,273","4,677","4,596",314,544,"1,750","1,355",462,191,61,283,553,"1,772","1,182",447,269,90
2017,Aneurin Bevan University LHB,Newport North,W93061,"11,235","5,535","5,700",332,681,"1,920","1,517",617,355,113,301,615,"1,919","1,522",709,420,214
2017,Aneurin Bevan University LHB,Newport West,W93039,"4,430","2,493","1,937",168,299,"1,225",559,132,97,13,136,284,927,384,112,69,25
2017,Aneurin Bevan University LHB,Newport West,W93046,"6,386","3,291","3,095",200,396,"1,352",865,277,152,49,195,378,"1,265",702,285,177,93
2017,Aneurin Bevan University LHB,Newport West,W93048,"16,807","8,506","8,301",555,"1,122","3,828","1,998",567,323,113,574,"1,101","3,516","1,839",624,417,230
2017,Aneurin Bevan University LHB,Newport West,W93054,"15,088","7,506","7,582",411,838,"2,862","2,042",774,447,132,417,781,"2,725","2,005",845,564,245
2017,Aneurin Bevan University LHB,Newport West,W93116,"5,758","2,822","2,936",234,425,"1,204",589,224,103,43,236,416,"1,308",594,199,119,64
2017,Betsi Cadwaladr University LHB,North & West Wrexham,W00007,"6,842","3,467","3,375",233,434,"1,357",937,316,140,50,221,386,"1,354",858,308,167,81
2017,Betsi Cadwaladr University LHB,North & West Wrexham,W91006,"8,541","4,234","4,307",340,537,"1,633","1,081",414,184,45,272,543,"1,644","1,132",425,226,65
2017,Betsi Cadwaladr University LHB,North & West Wrexham,W91016,"4,675","2,308","2,367",117,253,769,682,300,149,38,102,240,770,720,302,163,70
2017,Betsi Cadwaladr University LHB,North & West Wrexham,W91020,"6,573","3,237","3,336",260,445,"1,236",820,264,158,54,215,400,"1,308",838,309,187,79
2017,Betsi Cadwaladr University LHB,North & West Wrexham,W91025,"12,779","6,274","6,505",284,724,"1,977","1,885",820,445,139,287,704,"1,955","1,848",916,524,271
2017,Betsi Cadwaladr University LHB,North & West Wrexham,W91056,"2,459","1,311","1,148",67,132,544,354,128,66,20,62,154,411,323,118,56,24
2017,Hywel Dda University LHB,North Ceredigion,W92006,"2,684","1,401","1,283",42,124,410,434,206,132,53,53,120,333,379,197,137,64
2017,Hywel Dda University LHB,North Ceredigion,W92014,"10,526","5,396","5,130",206,429,"2,685","1,234",479,260,103,195,389,"2,430","1,150",470,320,176
2017,Hywel Dda University LHB,North Ceredigion,W92022,"7,397","3,693","3,704",179,369,"1,077","1,040",598,319,111,135,312,"1,004","1,074",617,381,181
2017,Hywel Dda University LHB,North Ceredigion,W92024,"11,000","5,703","5,297",176,355,"3,869",827,307,120,49,208,400,"3,319",837,290,158,85
2017,Hywel Dda University LHB,North Ceredigion,W92025,"7,514","3,829","3,685",182,418,"1,367","1,067",475,235,85,165,394,"1,216","1,004",513,250,143
2017,Hywel Dda University LHB,North Ceredigion,W92053,"3,590","1,826","1,764",80,186,521,561,285,150,43,87,179,489,493,281,165,70
2017,Hywel Dda University LHB,North Ceredigion,W92056,"3,331","1,604","1,727",66,172,453,503,226,146,38,63,190,488,520,256,145,65
2017,Cwm Taf University LHB,North Cynon,W95001,"7,855","3,917","3,938",222,409,"1,444","1,049",494,232,67,216,410,"1,388","1,007",458,301,158
2017,Cwm Taf University LHB,North Cynon,W95016,"5,412","2,744","2,668",150,335,992,743,307,178,39,172,309,962,674,290,190,71
2017,Cwm Taf University LHB,North Cynon,W95020,"5,828","2,828","3,000",143,366,"1,022",762,340,154,41,167,373,"1,012",799,383,182,84
2017,Cwm Taf University LHB,North Cynon,W95047,"8,118","3,965","4,153",204,455,"1,396","1,121",475,253,61,191,443,"1,382","1,172",504,336,125
2017,Cwm Taf University LHB,North Cynon,W95087,"4,346","2,126","2,220",125,227,782,578,271,113,30,109,247,792,574,272,145,81
2017,Cwm Taf University LHB,North Cynon,W95633,"8,691","4,242","4,449",272,529,"1,578","1,151",433,229,50,256,505,"1,666","1,180",446,287,109
2017,Betsi Cadwaladr University LHB,North Denbighshire,W91003,"16,158","7,928","8,230",470,"1,024","2,782","1,982",977,534,159,475,904,"2,760","2,064",989,645,393
2017,Betsi Cadwaladr University LHB,North Denbighshire,W91009,"21,647","10,636","11,011",501,"1,198","3,413","2,936","1,426",903,259,514,"1,050","3,425","2,949","1,607","1,059",407
2017,Betsi Cadwaladr University LHB,North Denbighshire,W91028,"7,742","3,688","4,054",229,508,"1,241",947,448,237,78,244,451,"1,319","1,048",536,314,142
2017,Betsi Cadwaladr University LHB,North Denbighshire,W91053,"6,354","3,178","3,176",202,404,"1,126",891,325,185,45,174,361,"1,112",838,370,225,96
2017,Betsi Cadwaladr University LHB,North Denbighshire,W91615,"2,202","1,118","1,084",61,119,368,344,129,77,20,66,139,348,290,126,75,40
2017,Betsi Cadwaladr University LHB,North Denbighshire,W91622,"6,099","3,110","2,989",194,420,"1,171",869,308,117,31,217,376,"1,133",756,308,135,64
2017,Betsi Cadwaladr University LHB,North East Flintshire,W91015,"10,334","5,099","5,235",280,638,"1,835","1,373",557,321,95,287,582,"1,859","1,346",667,367,127
2017,Betsi Cadwaladr University LHB,North East Flintshire,W91021,"15,545","7,575","7,970",415,936,"2,649","2,240",824,402,109,424,852,"2,827","2,274",920,459,214
2017,Betsi Cadwaladr University LHB,North East Flintshire,W91036,"8,089","4,041","4,048",204,446,"1,488","1,128",432,260,83,193,444,"1,430","1,082",463,312,124
2017,Betsi Cadwaladr University LHB,North East Flintshire,W91039,"5,393","2,752","2,641",98,271,"1,104",743,310,179,47,114,287,924,745,317,169,85
2017,Betsi Cadwaladr University LHB,North East Flintshire,W91040,"7,013","3,464","3,549",226,421,"1,364",873,366,164,50,222,379,"1,409",870,397,204,68
2017,Betsi Cadwaladr University LHB,North East Flintshire,W91051,"8,057","4,182","3,875",258,537,"1,754","1,113",304,161,55,239,488,"1,568",953,328,202,97
2017,Betsi Cadwaladr University LHB,North East Flintshire,W91060,"5,918","2,925","2,993",179,369,"1,164",763,273,134,43,176,365,"1,161",803,249,165,74
2017,Betsi Cadwaladr University LHB,North East Flintshire,W91607,"1,850","1,003",847,40,101,377,313,107,51,14,44,97,299,229,104,52,22
2017,Cwm Taf University LHB,North Merthyr Tydfil,W95005,"3,426","1,627","1,799",116,228,686,411,122,50,14,112,202,774,470,136,74,31
2017,Cwm Taf University LHB,North Merthyr Tydfil,W95023,"8,869","4,447","4,422",284,495,"1,649","1,183",461,273,102,248,486,"1,553","1,156",502,316,161
2017,Cwm Taf University LHB,North Merthyr Tydfil,W95086,"16,931","8,464","8,467",446,950,"3,292","2,338",843,468,127,509,901,"3,097","2,282",890,585,203
2017,Cwm Taf University LHB,North Merthyr Tydfil,W95647,"2,913","1,506","1,407",114,216,593,390,129,50,14,121,209,598,316,109,33,21
2017,Hywel Dda University LHB,North Pembrokeshire,W92002,"12,316","6,117","6,199",353,725,"2,180","1,752",648,349,110,309,731,"2,049","1,746",704,477,183
2017,Hywel Dda University LHB,North Pembrokeshire,W92008,"8,322","4,138","4,184",218,527,"1,396","1,121",502,291,83,212,491,"1,414","1,060",520,342,145
2017,Hywel Dda University LHB,North Pembrokeshire,W92015,"5,116","2,540","2,576",117,277,753,688,389,225,91,103,279,681,701,380,286,146
2017,Hywel Dda University LHB,North Pembrokeshire,W92041,"8,583","4,222","4,361",254,513,"1,513","1,111",463,269,99,238,517,"1,457","1,148",486,358,157
2017,Hywel Dda University LHB,North Pembrokeshire,W92042,"14,480","7,122","7,358",417,813,"2,437","2,012",811,489,143,387,846,"2,411","2,008",895,555,256
2017,Hywel Dda University LHB,North Pembrokeshire,W92058,"2,468","1,224","1,244",42,109,373,375,202,92,31,56,101,339,396,198,108,46
2017,Hywel Dda University LHB,North Pembrokeshire,W92059,"2,523","1,284","1,239",53,125,385,380,194,117,30,51,100,353,366,189,119,61
2017,Hywel Dda University LHB,North Pembrokeshire,W92061,"4,231","2,063","2,168",92,254,619,611,278,168,41,113,241,659,602,292,180,81
2017,Hywel Dda University LHB,North Pembrokeshire,W92064,"6,869","3,430","3,439",149,330,995,"1,049",557,269,81,155,343,914,"1,038",558,298,133
2017,Powys Teaching LHB,North Powys,W96001,"7,156","3,608","3,548",147,348,"1,073","1,102",545,292,101,119,337,966,"1,124",536,310,156
2017,Powys Teaching LHB,North Powys,W96005,"8,676","4,351","4,325",186,412,"1,268","1,315",667,374,129,172,399,"1,176","1,345",662,385,186
2017,Powys Teaching LHB,North Powys,W96009,"5,611","2,855","2,756",122,307,802,881,457,212,74,115,285,750,829,419,243,115
2017,Powys Teaching LHB,North Powys,W96010,"10,977","5,472","5,505",267,612,"1,929","1,503",690,346,125,267,582,"1,759","1,534",686,431,246
2017,Powys Teaching LHB,North Powys,W96011,"6,761","3,351","3,410",113,312,"1,027","1,058",526,236,79,133,317,970,"1,040",507,297,146
2017,Powys Teaching LHB,North Powys,W96012,"10,747","5,394","5,353",248,573,"1,644","1,619",754,414,142,242,560,"1,567","1,632",731,437,184
2017,Powys Teaching LHB,North Powys,W96014,0,0,0,0,0,0,0,0,0,0,0,0,0,0,0,0,0
2017,Powys Teaching LHB,North Powys,W96015,"14,330","7,198","7,132",395,881,"2,685","1,929",774,407,127,395,840,"2,432","1,931",843,461,230
2017,Cwm Taf University LHB,North Rhondda,W95019,"6,176","3,153","3,023",188,358,"1,184",855,325,186,57,162,351,"1,125",781,293,223,88
2017,Cwm Taf University LHB,North Rhondda,W95030,"4,777","2,407","2,370",145,280,831,671,260,165,55,126,272,811,603,288,172,98
2017,Cwm Taf University LHB,North Rhondda,W95051,"7,601","3,731","3,870",190,463,"1,370","1,022",420,212,54,232,446,"1,319","1,013",485,268,107
2017,Cwm Taf University LHB,North Rhondda,W95054,"10,148","5,088","5,060",280,586,"1,859","1,383",600,295,85,254,592,"1,802","1,322",579,347,164
2017,Cwm Taf University LHB,North Rhondda,W95071,"6,564","3,252","3,312",156,353,"1,200",925,348,199,71,159,328,"1,125",945,364,273,118
2017,Cwm Taf University LHB,North Taf Ely,W95014,"12,266","6,046","6,220",316,610,"2,155","1,720",751,350,144,292,601,"2,109","1,688",831,462,237
2017,Cwm Taf University LHB,North Taf Ely,W95024,"16,142","8,869","7,273",335,637,"4,819","1,925",678,372,103,321,672,"3,373","1,543",703,468,193
2017,Cwm Taf University LHB,North Taf Ely,W95058,"15,794","7,952","7,842",494,976,"3,149","2,151",728,349,105,428,961,"3,044","2,056",737,420,196
2017,Cwm Taf University LHB,North Taf Ely,W95619,"2,348","1,222","1,126",65,125,457,364,127,65,19,57,134,408,286,129,74,38
2017,Betsi Cadwaladr University LHB,North West Flintshire,W91005,"9,799","4,954","4,845",270,566,"1,754","1,364",646,287,67,211,489,"1,624","1,417",615,337,152
2017,Betsi Cadwaladr University LHB,North West Flintshire,W91029,"7,821","3,901","3,920",184,447,"1,242","1,217",473,260,78,170,440,"1,216","1,209",466,309,110
2017,Betsi Cadwaladr University LHB,North West Flintshire,W91032,"5,240","2,671","2,569",160,314,"1,012",751,273,119,42,146,305,985,653,244,145,91
2017,Betsi Cadwaladr University LHB,North West Flintshire,W91037,"2,632","1,383","1,249",68,146,547,404,131,73,14,60,158,471,353,117,67,23
2017,Betsi Cadwaladr University LHB,North West Flintshire,W91046,"3,871","1,939","1,932",87,245,717,542,215,91,42,87,244,677,490,245,116,73
2017,Betsi Cadwaladr University LHB,North West Flintshire,W91055,"6,538","3,120","3,418",144,366,"1,150",894,320,195,51,131,379,"1,172",984,398,242,112
2017,Betsi Cadwaladr University LHB,North West Flintshire,W91636,"3,402","1,663","1,739",98,236,613,451,167,84,14,109,225,630,462,172,109,32
2017,Abertawe Bro Morgannwg University LHB,Penderi,W98003,"8,248","4,031","4,217",250,506,"1,626","1,012",343,218,76,253,454,"1,664","1,040",391,287,128
2017,Abertawe Bro Morgannwg University LHB,Penderi,W98004,"7,825","3,837","3,988",248,568,"1,509",930,348,183,51,235,472,"1,663",938,370,222,88
2017,Abertawe Bro Morgannwg University LHB,Penderi,W98007,"6,565","3,206","3,359",221,470,"1,239",790,271,171,44,200,429,"1,329",795,333,196,77
2017,Abertawe Bro Morgannwg University LHB,Penderi,W98028,"7,746","3,800","3,946",272,501,"1,538",910,336,189,54,260,510,"1,569",922,378,219,88
2017,Abertawe Bro Morgannwg University LHB,Penderi,W98043,"5,384","2,747","2,637",155,312,"1,029",719,297,165,70,126,284,935,723,294,180,95
2017,Abertawe Bro Morgannwg University LHB,Penderi,W98612,"2,149","1,152",997,65,163,453,331,91,41,8,62,133,391,289,69,38,15
2017,Hywel Dda University LHB,South Ceredigion,W92005,"5,178","2,659","2,519",98,256,742,799,483,217,64,89,236,663,778,438,233,82
2017,Hywel Dda University LHB,South Ceredigion,W92018,"7,899","3,930","3,969",178,408,"1,181","1,193",593,288,89,155,369,"1,149","1,250",611,290,145
2017,Hywel Dda University LHB,South Ceredigion,W92019,"5,706","2,818","2,888",113,283,818,849,437,235,83,129,255,786,892,452,271,103
2017,Hywel Dda University LHB,South Ceredigion,W92034,"6,257","3,148","3,109",122,296,919,898,550,296,67,122,297,864,933,540,251,102
2017,Hywel Dda University LHB,South Ceredigion,W92039,"11,453","5,976","5,477",238,546,"2,254","1,668",761,375,134,219,464,"1,805","1,567",768,450,204
2017,Hywel Dda University LHB,South Ceredigion,W92044,"7,521","3,687","3,834",176,411,"1,120","1,008",555,299,118,183,379,"1,060","1,082",564,380,186
2017,Hywel Dda University LHB,South Ceredigion,W92065,"3,802","1,860","1,942",87,186,568,518,282,149,70,81,213,534,546,284,187,97
2017,Cwm Taf University LHB,South Cynon,W95029,"4,048","1,967","2,081",121,263,761,498,182,123,19,134,301,782,512,177,128,47
2017,Cwm Taf University LHB,South Cynon,W95038,"4,442","2,210","2,232",146,313,884,554,188,104,21,139,296,865,558,176,147,51
2017,Cwm Taf University LHB,South Cynon,W95042,"6,532","3,300","3,232",189,431,"1,300",859,327,153,41,202,392,"1,241",853,297,184,63
2017,Cwm Taf University LHB,South Cynon,W95055,"1,742",853,889,41,80,289,243,120,61,19,27,91,270,262,114,89,36
2017,Cwm Taf University LHB,South Cynon,W95623,"4,355","2,200","2,155",101,227,874,576,257,132,33,87,224,713,620,281,160,70
2017,Betsi Cadwaladr University LHB,South Flintshire,W00076,"14,472","7,135","7,337",435,901,"2,436","2,084",744,427,108,383,795,"2,572","2,110",791,498,188
2017,Betsi Cadwaladr University LHB,South Flintshire,W91013,"8,872","4,421","4,451",236,509,"1,500","1,253",585,259,79,206,467,"1,454","1,284",586,310,144
2017,Betsi Cadwaladr University LHB,South Flintshire,W91017,"10,849","5,285","5,564",190,520,"1,542","1,527",873,457,176,184,569,"1,529","1,556",931,515,280
2017,Betsi Cadwaladr University LHB,South Flintshire,W91018,"10,096","4,982","5,114",255,564,"1,754","1,341",663,322,83,264,506,"1,719","1,338",743,371,173
2017,Betsi Cadwaladr University LHB,South Flintshire,W91044,"2,416","1,225","1,191",55,145,419,349,156,78,23,54,129,400,336,154,78,40
2017,Betsi Cadwaladr University LHB,South Flintshire,W91610,"1,979",959,"1,020",45,99,340,289,111,61,14,59,127,342,269,111,88,24
2017,Betsi Cadwaladr University LHB,South Flintshire,W91626,"2,047","1,060",987,40,117,383,343,107,59,11,41,102,325,330,115,50,24
2017,Cwm Taf University LHB,South Merthyr Tydfil,W95026,"5,096","2,664","2,432",147,296,987,752,288,152,42,124,252,873,672,268,173,70
2017,Cwm Taf University LHB,South Merthyr Tydfil,W95032,"5,872","2,882","2,990",189,340,"1,066",772,323,162,30,174,301,"1,150",798,329,171,67
2017,Cwm Taf University LHB,South Merthyr Tydfil,W95072,"12,294","6,110","6,184",324,795,"2,377","1,663",578,283,90,347,726,"2,268","1,669",651,371,152
2017,Cwm Taf University LHB,South Merthyr Tydfil,W95290,"2,015","1,024",991,56,125,346,293,124,66,14,57,103,339,275,119,76,22
2017,Cwm Taf University LHB,South Merthyr Tydfil,W95634,"3,129","1,572","1,557",89,167,613,418,167,89,29,90,173,581,400,158,103,52
2017,Hywel Dda University LHB,South Pembrokeshire,W00067,"24,727","12,367","12,360",647,"1,388","4,096","3,509","1,595",877,255,609,"1,359","3,950","3,352","1,758",916,416
2017,Hywel Dda University LHB,South Pembrokeshire,W92027,"8,002","3,954","4,048",159,418,"1,303","1,129",549,292,104,155,415,"1,158","1,158",599,373,190
2017,Hywel Dda University LHB,South Pembrokeshire,W92033,"8,970","4,419","4,551",163,404,"1,263","1,247",736,458,148,176,382,"1,118","1,288",811,515,261
2017,Hywel Dda University LHB,South Pembrokeshire,W92038,"9,011","4,433","4,578",195,493,"1,248","1,360",642,387,108,172,440,"1,303","1,352",717,369,225
2017,Hywel Dda University LHB,South Pembrokeshire,W92440,"3,612","1,787","1,825",105,216,607,495,216,115,33,110,223,605,504,219,112,52
2017,Powys Teaching LHB,South Powys,W96002,"12,099","5,920","6,179",314,631,"2,036","1,710",720,377,132,289,643,"2,021","1,732",743,484,267
2017,Powys Teaching LHB,South Powys,W96003,"15,730","7,701","8,029",413,833,"2,512","2,184","1,034",552,173,368,801,"2,571","2,279","1,032",630,348
2017,Powys Teaching LHB,South Powys,W96016,"9,453","4,621","4,832",172,468,"1,242","1,396",805,400,138,148,439,"1,214","1,455",828,487,261
2017,Powys Teaching LHB,South Powys,W96017,"8,358","4,170","4,188",185,409,"1,219","1,244",656,342,115,183,376,"1,136","1,296",644,379,174
2017,Cwm Taf University LHB,South Rhondda,W95004,"8,347","4,184","4,163",263,513,"1,575","1,136",395,247,55,226,454,"1,569","1,070",442,272,130
2017,Cwm Taf University LHB,South Rhondda,W95007,"5,071","2,602","2,469",139,324,962,753,255,129,40,111,271,888,701,259,158,81
2017,Cwm Taf University LHB,South Rhondda,W95027,"6,132","3,005","3,127",169,393,"1,114",782,325,167,55,180,388,"1,126",790,345,210,88
2017,Cwm Taf University LHB,South Rhondda,W95044,"9,097","4,465","4,632",255,553,"1,705","1,211",456,226,59,242,557,"1,709","1,262",471,276,115
2017,Cwm Taf University LHB,South Rhondda,W95045,"3,045","1,561","1,484",85,187,592,412,165,93,27,64,168,542,390,170,100,50
2017,Cwm Taf University LHB,South Rhondda,W95057,"5,135","2,636","2,499",127,310,940,767,296,167,29,136,238,857,712,294,193,69
2017,Cwm Taf University LHB,South Rhondda,W95062,"7,085","3,390","3,695",214,420,"1,291",891,347,183,44,174,434,"1,353",981,401,259,93
2017,Cwm Taf University LHB,South Rhondda,W95076,"3,815","2,018","1,797",111,199,714,613,248,107,26,122,205,659,484,178,109,40
2017,Cwm Taf University LHB,South Rhondda,W95295,"5,612","2,813","2,799",172,350,"1,090",728,274,157,42,174,316,"1,064",704,265,207,69
2017,Cwm Taf University LHB,South Taf Ely,W95011,"17,472","8,657","8,815",511,"1,143","3,103","2,346",972,462,120,471,"1,060","3,179","2,370","1,089",485,161
2017,Cwm Taf University LHB,South Taf Ely,W95025,"12,223","5,953","6,270",330,828,"2,016","1,670",665,346,98,343,737,"2,220","1,705",676,444,145
2017,Cwm Taf University LHB,South Taf Ely,W95036,"11,970","5,799","6,171",334,700,"2,128","1,648",644,279,66,337,706,"2,234","1,770",682,311,131
2017,Cwm Taf University LHB,South Taf Ely,W95060,"6,930","3,429","3,501",201,442,"1,224",984,351,174,53,219,433,"1,282",917,329,199,122
2017,Betsi Cadwaladr University LHB,South Wrexham,W91010,"9,151","4,635","4,516",196,467,"1,475","1,390",672,328,107,192,445,"1,336","1,344",626,388,185
2017,Betsi Cadwaladr University LHB,South Wrexham,W91019,"8,574","4,239","4,335",198,516,"1,566","1,255",422,212,70,223,516,"1,530","1,237",427,280,122
2017,Betsi Cadwaladr University LHB,South Wrexham,W91024,"9,762","4,663","5,099",233,516,"1,523","1,401",617,278,95,216,604,"1,680","1,430",633,353,183
2017,Betsi Cadwaladr University LHB,South Wrexham,W91026,"6,577","3,219","3,358",150,409,"1,057",936,418,190,59,172,377,"1,082","1,022",426,197,82
2017,Betsi Cadwaladr University LHB,South Wrexham,W91043,"9,135","4,459","4,676",244,516,"1,660","1,215",517,245,62,246,566,"1,620","1,232",564,293,155
2017,Betsi Cadwaladr University LHB,South Wrexham,W91059,"5,857","3,015","2,842",158,484,"1,132",793,282,137,29,162,391,"1,125",705,282,129,48
2017,Betsi Cadwaladr University LHB,South Wrexham,W91604,"1,795","1,003",792,33,63,278,340,168,99,22,24,57,205,274,108,84,40
2017,Betsi Cadwaladr University LHB,South Wrexham,W91614,"2,283","1,246","1,037",59,144,528,321,112,62,20,53,143,361,267,101,75,37
2017,Hywel Dda University LHB,Taf / Tywi,W92007,"7,196","3,578","3,618",176,317,"1,057","1,071",569,300,88,167,340,996,"1,140",537,307,131
2017,Hywel Dda University LHB,Taf / Tywi,W92009,"9,521","4,714","4,807",187,472,"1,423","1,454",713,365,100,172,483,"1,295","1,546",703,399,209
2017,Hywel Dda University LHB,Taf / Tywi,W92016,"14,415","7,024","7,391",383,847,"2,445","1,805",901,484,159,333,780,"2,411","2,032",962,588,285
2017,Hywel Dda University LHB,Taf / Tywi,W92023,"7,016","3,549","3,467",141,370,"1,174","1,031",471,274,88,152,355,"1,045","1,063",484,262,106
2017,Hywel Dda University LHB,Taf / Tywi,W92050,"7,363","3,566","3,797",192,396,"1,403",889,400,206,80,198,429,"1,443",983,381,216,147
2017,Hywel Dda University LHB,Taf / Tywi,W92055,"5,492","2,810","2,682",115,262,928,805,409,217,74,104,197,769,829,430,245,108
2017,Hywel Dda University LHB,Taf / Tywi,W92063,"3,637","1,819","1,818",73,179,522,583,265,164,33,62,174,544,576,258,153,51
2017,Hywel Dda University LHB,Taf / Tywi,W92616,"3,153","1,618","1,535",86,171,590,441,202,98,30,84,134,557,387,187,127,59
2017,Aneurin Bevan University LHB,Torfaen North,W93015,"6,258","3,145","3,113",213,407,"1,129",814,350,185,47,165,374,"1,160",763,344,199,108
2017,Aneurin Bevan University LHB,Torfaen North,W93031,"6,515","3,292","3,223",168,393,"1,273",871,357,166,64,168,381,"1,191",837,346,197,103
2017,Aneurin Bevan University LHB,Torfaen North,W93055,"7,055","3,491","3,564",179,422,"1,188",990,422,220,70,202,343,"1,163",990,421,304,141
2017,Aneurin Bevan University LHB,Torfaen North,W93056,"6,765","3,334","3,431",191,384,"1,175",933,401,190,60,208,375,"1,175",941,395,240,97
2017,Aneurin Bevan University LHB,Torfaen North,W93057,"10,631","5,210","5,421",325,666,"1,910","1,406",544,282,77,309,638,"1,982","1,452",564,339,137
2017,Aneurin Bevan University LHB,Torfaen North,W93058,"11,883","5,799","6,084",300,627,"2,000","1,604",765,389,114,306,602,"2,045","1,613",806,501,211
2017,Aneurin Bevan University LHB,Torfaen South,W93024,"8,497","4,222","4,275",204,414,"1,556","1,265",478,236,69,172,414,"1,477","1,206",539,306,161
2017,Aneurin Bevan University LHB,Torfaen South,W93025,"4,514","2,218","2,296",142,239,766,615,230,155,71,103,223,735,619,278,216,122
2017,Aneurin Bevan University LHB,Torfaen South,W93026,"4,118","2,063","2,055",110,228,762,584,224,116,39,96,179,703,606,225,173,73
2017,Aneurin Bevan University LHB,Torfaen South,W93027,"8,305","4,170","4,135",197,479,"1,464","1,285",411,238,96,193,442,"1,402","1,158",448,342,150
2017,Aneurin Bevan University LHB,Torfaen South,W93028,"6,858","3,422","3,436",167,399,"1,324",953,380,167,32,182,343,"1,247",999,379,212,74
2017,Aneurin Bevan University LHB,Torfaen South,W93029,"6,919","3,390","3,529",266,487,"1,370",798,297,138,34,221,480,"1,442",815,298,180,93
2017,Aneurin Bevan University LHB,Torfaen South,W93030,"6,266","3,057","3,209",163,421,"1,213",805,288,136,31,189,372,"1,314",810,323,146,55
2017,Abertawe Bro Morgannwg University LHB,Upper Valleys,W00143,"3,352","1,779","1,573",71,160,591,613,216,102,26,65,152,493,495,211,111,46
2017,Abertawe Bro Morgannwg University LHB,Upper Valleys,W98001,"12,421","6,157","6,264",329,797,"2,222","1,649",709,345,106,349,695,"2,219","1,698",720,384,199
2017,Abertawe Bro Morgannwg University LHB,Upper Valleys,W98030,"6,016","2,992","3,024",148,331,992,856,406,202,57,153,316,950,852,415,241,97
2017,Abertawe Bro Morgannwg University LHB,Upper Valleys,W98046,"9,524","4,765","4,759",229,494,"1,684","1,342",584,338,94,221,506,"1,604","1,276",608,386,158
2017,Cardiff and Vale University LHB,Western Vale,W97038,"6,733","3,282","3,451",161,359,"1,026",954,464,238,80,147,388,"1,032","1,003",488,251,142
2017,Cardiff and Vale University LHB,Western Vale,W97045,"10,871","5,327","5,544",253,610,"1,714","1,554",690,386,120,267,588,"1,716","1,607",776,426,164
2017,Cardiff and Vale University LHB,Western Vale,W97052,"10,208","4,978","5,230",252,637,"1,636","1,448",569,334,102,243,622,"1,668","1,558",635,354,150
